全国地方公共団体コード,ID,名称,名称_カナ,名称_英字,所在地_全国地方公共団体コード,町字ID,所在地_連結表記,所在地_都道府県,所在地_市区町村,所在地_町字,所在地_番地以下,建物名等(方書),緯度,経度,標高,電話番号,内線番号,連絡先メールアドレス,連絡先FormURL,連絡先備考（その他、SNSなど）,郵便番号,市区町村コード,地方公共団体名,災害種別_洪水,災害種別_崖崩れ、土石流及び地滑り,災害種別_高潮,災害種別_地震,災害種別_津波,災害種別_大規模な火事,災害種別_内水氾濫,災害種別_火山現象,指定避難所との重複,想定収容人数,対象となる町会・自治会,URL,画像,画像_ライセンス,備考
261009,1,京都市立紫明小学校,,,,,京都市北区小山東大野町55,,,,,,35.04289379,135.7567688,,(075)451-2156,,,,,,261009,京都府京都市,1,,,1,,,1,,1,1427,,,,,
261009,2,京都市立元町小学校,,,,,京都市北区小山西元町14,,,,,,35.05044293,135.7541884,,(075)491-7690,,,,,,261009,京都府京都市,1,,,1,,,1,,1,998,,,,,
261009,3,京都市立上賀茂小学校,,,,,京都市北区上賀茂烏帽子ケ垣内町1,,,,,,35.0560784,135.7569492,,(075)711-0804,,,,,,261009,京都府京都市,1,1,,1,,,1,,1,1710,,,,,
261009,4,京都市立柊野小学校,,,,,京都市北区上賀茂女夫岩町21,,,,,,35.06947142,135.7456388,,(075)791-4700,,,,,,261009,京都府京都市,1,1,,1,,,1,,1,1824,,,,,
261009,5,京都市立大宮小学校,,,,,京都市北区大宮中ノ社町37,,,,,,35.05895311,135.7466222,,(075)491-0783,,,,,,261009,京都府京都市,1,1,,1,,,1,,1,2093,,,,,
261009,6,京都市立待鳳小学校,,,,,京都市北区紫竹西北町1-3,,,,,,35.04890424,135.7470973,,(075)491-4343,,,,,,261009,京都府京都市,,,,1,,,,,1,1744,,,,,
261009,7,京都市立紫野小学校,,,,,京都市北区紫野下築山町21,,,,,,35.03988584,135.745553,,(075)441-4606,,,,,,261009,京都府京都市,,1,,1,,,,,1,1398,,,,,
261009,8,京都市立鳳徳小学校,,,,,京都市北区紫野上鳥田町30,,,,,,35.0452102,135.7523053,,(075)491-3592,,,,,,261009,京都府京都市,1,,,1,,,1,,1,1280,,,,,
261009,9,京都市立柏野小学校,,,,,京都市北区紫野郷ノ上町36,,,,,,35.03770811,135.7364983,,(075)461-8330,,,,,,261009,京都府京都市,1,,,1,,,1,,1,1151,,,,,
261009,10,京都市立紫竹小学校,,,,,京都市北区紫竹下園生町26,,,,,,35.05353703,135.7503581,,(075)491-6005,,,,,,261009,京都府京都市,1,,,1,,,1,,1,1370,,,,,
261009,11,京都市立衣笠小学校,,,,,京都市北区平野宮本町19-6,,,,,,35.03004771,135.7327737,,(075)462-0034,,,,,,261009,京都府京都市,1,1,,1,,,1,,1,1310,,,,,
261009,12,京都市立金閣小学校,,,,,京都市北区平野上柳町61-1,,,,,,35.0358831,135.7283297,,(075)462-1700,,,,,,261009,京都府京都市,1,1,,1,,,1,,1,1422,,,,,
261009,13,京都市立大将軍小学校,,,,,京都市北区大将軍南一条町48-2,,,,,,35.02442317,135.7284603,,(075)461-4310,,,,,,261009,京都府京都市,1,,,1,,,1,,1,1117,,,,,
261009,14,京都市立鷹峯小学校,,,,,京都市北区鷹峯北鷹峯町12,,,,,,35.0544756,135.7307877,,(075)491-3607,,,,,,261009,京都府京都市,,1,,1,,,,,1,1235,,,,,
261009,15,京都市立中川小学校(休校中),,,,,京都市北区中川北山町46,,,,,,35.08930431,135.6878433,,,,,,,,261009,京都府京都市,1,1,,1,,,1,,1,293,,,,,
261009,16,京都市立中川小学校真弓分校(休校中),,,,,京都市北区真弓八幡町195,,,,,,35.12142331,135.7022532,,,,,,,,261009,京都府京都市,,,,1,,,,,1,22,,,,,
261009,17,元京都市立小野郷小学校大森分校,,,,,京都市北区大森中町157,,,,,,35.14183,135.6836,,,,,,,,261009,京都府京都市,,,,1,,,,,1,32,,,,,
261009,18,京都市立雲ケ畑小・中学校(休校中),,,,,京都市北区雲ケ畑中畑町76,,,,,,35.1129245,135.7199187,,,,,,,,261009,京都府京都市,1,1,,1,,,1,,1,688,,,,,
261009,19,京都市立小野郷小・中学校(休校中),,,,,京都市北区小野中ノ町30,,,,,,35.11092948,135.6738604,,,,,,,,261009,京都府京都市,1,1,,1,,,1,,1,1047,,,,,
261009,20,京都教育大学附属京都小中学校(初等部),,,,,京都市北区紫野東御所田町37,,,,,,35.04039687,135.754519,,(075)441-4166,,,,,,261009,京都府京都市,,1,,1,,,,,1,408,,,,,
261009,21,京都教育大学附属京都小中学校(中・高等部),,,,,京都市北区小山南大野町1,,,,,,35.0397275,135.7552467,,(075)431-7131,,,,,,261009,京都府京都市,1,,,1,,,1,,1,757,,,,,
261009,22,京都市立加茂川中学校,,,,,京都市北区紫竹上長目町5,,,,,,35.05474801,135.7519774,,(075)492-1884,,,,,,261009,京都府京都市,,,,1,,,,,1,2242,,,,,
261009,23,京都市立西賀茂中学校,,,,,京都市北区西賀茂円峰2-26,,,,,,35.07082403,135.7396672,,(075)493-7001,,,,,,261009,京都府京都市,1,,,1,,,1,,1,2193,,,,,
261009,24,京都市立旭丘中学校,,,,,京都市北区紫野東蓮台野町1,,,,,,35.04657941,135.7399396,,(075)492-1330,,,,,,261009,京都府京都市,,,,1,,,,,1,2144,,,,,
261009,25,京都市立衣笠中学校,,,,,京都市北区衣笠衣笠山町2,,,,,,35.036158,135.7258466,,(075)461-2222,,,,,,261009,京都府京都市,1,1,,1,,,1,,1,2670,,,,,
261009,26,京都市立紫野高等学校,,,,,京都市北区紫野大徳寺町22,,,,,,35.0430965,135.7419756,,(075)491-0221,,,,,,261009,京都府京都市,,,,1,,,,,1,3589,,,,,
261009,27,京都府立山城高等学校,,,,,京都市北区大将軍坂田町29,,,,,,35.02298159,135.7256689,,(075)463-8261,,,,,,261009,京都府京都市,1,,,1,,,1,,1,770,,,,,
261009,28,京都府立医科大学花園学舎,,,,,京都市北区大将軍西鷹司町13-2,,,,,,35.02342881,135.7277076,,,,,,,,261009,京都府京都市,1,,,1,,,1,,1,552,,,,,
261009,29,大谷大学,,,,,京都市北区小山上総町,,,,,,35.04246,135.7585,,(075)432-3131,,,,,,261009,京都府京都市,1,,,1,,,1,,1,700,,,,,
261009,30,京都産業大学,,,,,京都市北区上賀茂本山,,,,,,35.06951,135.7568,,(075)705-1580,,,,,,261009,京都府京都市,1,,,1,,,1,,1,2562,,,,,
261009,31,佛教大学,,,,,京都市北区紫野北花ノ坊町96,,,,,,35.04316586,135.7373038,,(075)491-2141,,,,,,261009,京都府京都市,,,,1,,,,,1,750,,,,,
261009,32,立命館大学,,,,,京都市北区等持院北町56-1,,,,,,35.03265001,135.7241606,,(075)465-8165,,,,,,261009,京都府京都市,1,1,,1,,,1,,1,1227,,,,,
261009,33,京都府立盲学校(花ノ坊校地),,,,,京都市北区紫野花ノ坊町1,,,,,,35.04004676,135.7373038,,(075)462-5083,,,,,,261009,京都府京都市,,,,1,,,,,1,177,,,,,
261009,34,京都府立盲学校(大徳寺校地),,,,,京都市北区紫野大徳寺町27,,,,,,35.04382414,135.7387564,,(075)492-6733,,,,,,261009,京都府京都市,,,,1,,,,,1,167,,,,,
261009,35,京都市交響楽団練習場,,,,,京都市北区出雲路立テ本町103,,,,,,35.03891363,135.7645238,,(075)222-0347,,,,,,261009,京都府京都市,,,,1,,,,,1,288,,,,,
261009,36,杉阪公民館,,,,,京都市北区杉阪道風町87,,,,,,35.09459021,135.7005009,,,,,,,,261009,京都府京都市,,,,1,,,,,1,33,,,,,
261009,37,鳳徳会館,,,,,京都市北区紫竹東高縄町1,,,,,,35.045638,135.751386,,,,,,,,261009,京都府京都市,1,,,1,,,1,,1,100,,,,,
261009,38,中川自治会館,,,,,京都市北区中川北山町46,,,,,,35.08934,135.687759,,,,,,,,261009,京都府京都市,1,1,,1,,,1,,1,47,,,,,
261009,39,やまびこくらぶ,,,,,京都市北区大北山原谷乾町93,,,,,,35.044607,135.715594,,(075)465-1002,,,,,,261009,京都府京都市,,1,,1,,,,,1,195,,,,,
261009,40,金閣原谷会館,,,,,京都市北区大北山原谷乾町90,,,,,,35.044356,135.716802,,,,,,,,261009,京都府京都市,,1,,1,,,,,1,43,,,,,
261009,41,立命館大学原谷グラウンド第三尚友館及び尚友館,,,,,京都市右京区鳴滝宇多野谷17,,,,,,35.041832,135.714749,,,,,,,,261009,京都府京都市,,,,1,,,,,1,519,,,,,
261009,42,京都市北いきいき市民活動センター（ふれあい共生館内）,,,,,京都市北区紫野西舟岡町2,,,,,,35.03994682,135.7398091,,(075)441-1010,,,,,,261009,京都府京都市,,,,1,,,,,1,199,,,,,
261009,43,京都市立室町小学校,,,,,京都市上京区室町通上立売上る室町頭町261,,,,,,35.03326711,135.7581742,,(075)431-0358,,,,,,261009,京都府京都市,1,,,1,,,1,,1,1563,,,,,
261009,44,京都市立西陣中央小学校,,,,,京都市上京区大宮通今出川上る観世町135-1,,,,,,35.0302091,135.7484472,,(075)432-5522,,,,,,261009,京都府京都市,1,,,1,,,1,,1,2021,,,,,
261009,45,京都市立京極小学校,,,,,京都市上京区寺町通石薬師下る西側染殿町658,,,,,,35.02772325,135.7677038,,(075)231-0959,,,,,,261009,京都府京都市,1,,,1,,,1,,1,1122,,,,,
261009,46,京都市立新町小学校,,,,,京都市上京区中立売通室町西入三丁町457,,,,,,35.02547906,135.7564771,,(075)432-4190,,,,,,261009,京都府京都市,1,,,1,,,1,,1,2121,,,,,
261009,47,京都市立二条城北小学校,,,,,京都市上京区浄福寺通下立売下る中務町487,,,,,,35.01907121,135.7452699,,(075)841-8684,,,,,,261009,京都府京都市,1,,,1,,,1,,1,1751,,,,,
261009,48,京都市立乾隆小学校,,,,,京都市上京区寺之内通千本東入1丁目下る姥ケ寺之前町919-3,,,,,,35.03376422,135.742695,,(075)451-0085,,,,,,261009,京都府京都市,,,,1,,,,,1,1550,,,,,
261009,49,京都市立翔鸞小学校,,,,,京都市上京区御前通今出川上る鳥居前町671,,,,,,35.03193652,135.7379538,,(075)462-0084,,,,,,261009,京都府京都市,1,,,1,,,1,,1,1562,,,,,
261009,50,京都市立仁和小学校,,,,,京都市上京区御前通一条下る東竪町132-1,,,,,,35.0247289,135.7368373,,(075)462-0092,,,,,,261009,京都府京都市,1,,,1,,,1,,1,1833,,,,,
261009,51,京都市立正親小学校,,,,,京都市上京区浄福寺通中立売下る菱丸町173,,,,,,35.0246457,135.7454948,,(075)451-0091,,,,,,261009,京都府京都市,1,,,1,,,1,,1,1230,,,,,
261009,52,京都市立御所東小学校,,,,,京都市上京区新烏丸通丸太町上る錦砂町290-2,,,,,,35.01824367,135.7684871,,(075)211-8477,,,,,,261009,京都府京都市,1,,,1,,,1,,1,1422,,,,,
261009,53,元京都市立聚楽小学校,,,,,京都市上京区葭屋町通中立売下る北俵町317,,,,,,35.02444857,135.7510137,,(075)451-0090,,,,,,261009,京都府京都市,1,,,1,,,1,,1,617,,,,,
261009,54,元京都市立待賢小学校,,,,,京都市上京区丸太町通黒門東入藁屋町536-1,,,,,,35.01684925,135.7501389,,(075)841-0094,,,,,,261009,京都府京都市,1,,,1,,,1,,1,535,,,,,
261009,55,元京都市立西陣小学校,,,,,京都市上京区上立売通堀川西入幸在町689,,,,,,35.03236695,135.7496968,,(075)441-0172,,,,,,261009,京都府京都市,1,,,1,,,1,,1,1065,,,,,
261009,56,京都市立烏丸中学校,,,,,京都市上京区烏丸通上立売上る相国寺門前町647-23,,,,,,35.03444752,135.7601241,,(075)431-0168,,,,,,261009,京都府京都市,1,,,1,,,1,,1,1361,,,,,
261009,57,京都市立上京中学校,,,,,京都市上京区一条通室町西入東日野殿町395・396,,,,,,35.02579015,135.7574381,,(075)431-8151,,,,,,261009,京都府京都市,1,,,1,,,1,,1,2092,,,,,
261009,58,京都市立嘉楽中学校,,,,,京都市上京区今出川通千本東入般舟院前町148,,,,,,35.03082842,135.7437171,,(075)431-0312,,,,,,261009,京都府京都市,,,,1,,,,,1,1905,,,,,
261009,59,京都市立二条中学校,,,,,京都市上京区竹屋町通千本東入主税町911,,,,,,35.01535208,135.7447534,,(075)821-1196,,,,,,261009,京都府京都市,1,,,1,,,1,,1,2177,,,,,
261009,60,京都府立鴨沂高等学校,,,,,京都市上京区寺町通荒神口下る松蔭町131,,,,,,35.02019072,135.767501,,,,,,,,261009,京都府京都市,1,,,1,,,1,,1,673,,,,,
261009,61,京都市立北総合支援学校,,,,,京都市上京区堀川通寺之内上る2丁目下天神町650-1,,,,,,35.03534748,135.7506526,,(075)431-6636,,,,,,261009,京都府京都市,1,,,1,,,1,,1,2518,,,,,
261009,62,京都市立みつば幼稚園,,,,,京都市上京区小川通今出川下る針屋町370,,,,,,35.02917311,135.7539384,,(075)441-3752,,,,,,261009,京都府京都市,1,,,1,,,1,,1,321,,,,,
261009,63,京都まなびの街生き方探究館,,,,,京都市上京区西洞院通下立売下る東裏辻町402,,,,,,35.01989351,135.754855,,(075)253-0880,,,,,,261009,京都府京都市,1,,,1,,,1,,1,742,,,,,
261009,64,京都市立錦林小学校,,,,,京都市左京区岡崎入江町1-1,,,,,,35.01813537,135.7823358,,(075)771-0921,,,,,,261009,京都府京都市,1,1,,1,,,1,,1,1711,,,,,
261009,65,京都市立第三錦林小学校,,,,,京都市左京区鹿ケ谷宮ノ前町6,,,,,,35.0188466,135.7929904,,(075)771-4844,,,,,,261009,京都府京都市,,1,,1,,,,,1,1418,,,,,
261009,66,京都市立第四錦林小学校,,,,,京都市左京区吉田上阿達町15-2,,,,,,35.02546237,135.774842,,(075)771-0384,,,,,,261009,京都府京都市,1,1,,1,,,1,,1,1278,,,,,
261009,67,京都市立北白川小学校,,,,,京都市左京区北白川別当町70,,,,,,35.03203964,135.7926792,,(075)791-1158,,,,,,261009,京都府京都市,1,1,,1,,,1,,1,1398,,,,,
261009,68,京都市立養正小学校,,,,,京都市左京区田中飛鳥井町1,,,,,,35.03268938,135.7785445,,(075)791-7184,,,,,,261009,京都府京都市,1,,,1,,,1,,1,1378,,,,,
261009,69,京都市立養徳小学校,,,,,京都市左京区田中上大久保町24,,,,,,35.03771661,135.7837329,,(075)721-6623,,,,,,261009,京都府京都市,1,,,1,,,1,,1,1697,,,,,
261009,70,京都市立下鴨小学校,,,,,京都市左京区下鴨宮崎町4-2,,,,,,35.03741656,135.7684457,,(075)781-0382,,,,,,261009,京都府京都市,1,,,1,,,1,,1,1604,,,,,
261009,71,京都市立葵小学校,,,,,京都市左京区下鴨東梅ノ木町8,,,,,,35.04548776,135.7730678,,(075)701-7151,,,,,,261009,京都府京都市,1,,,1,,,1,,1,1537,,,,,
261009,72,京都市立修学院小学校,,,,,京都市左京区修学院沖殿町1,,,,,,35.05298995,135.7942485,,(075)781-4439,,,,,,261009,京都府京都市,1,1,,1,,,1,,1,2079,,,,,
261009,73,京都市立上高野小学校,,,,,京都市左京区上高野松田町8,,,,,,35.06129458,135.7952704,,(075)701-3995,,,,,,261009,京都府京都市,1,1,,1,,,1,,1,1236,,,,,
261009,74,京都市立修学院第二小学校,,,,,京都市左京区一乗寺里ノ西町35,,,,,,35.0450408,135.7886603,,(075)781-5400,,,,,,261009,京都府京都市,1,,,1,,,1,,1,1495,,,,,
261009,75,京都市立松ケ崎小学校,,,,,京都市左京区松ケ崎堀町40,,,,,,35.05299539,135.7820164,,(075)781-3380,,,,,,261009,京都府京都市,,,,1,,,,,1,1422,,,,,
261009,76,京都市立明徳小学校,,,,,京都市左京区岩倉忠在地町221,,,,,,35.0754599,135.7864866,,(075)701-0111,,,,,,261009,京都府京都市,1,1,,1,,,1,,1,1641,,,,,
261009,77,京都市立岩倉南小学校,,,,,京都市左京区岩倉北四ノ坪町33,,,,,,35.06704385,135.7844572,,(075)791-3207,,,,,,261009,京都府京都市,1,1,,1,,,1,,1,1911,,,,,
261009,78,京都市立岩倉北小学校,,,,,京都市左京区岩倉忠在地町5,,,,,,35.08543084,135.7880484,,(075)721-5618,,,,,,261009,京都府京都市,1,1,,1,,,1,,1,1394,,,,,
261009,79,京都市立八瀬小学校,,,,,京都市左京区八瀬秋元町324-1,,,,,,35.084988,135.8173011,,(075)781-5092,,,,,,261009,京都府京都市,,1,,1,,,,,1,879,,,,,
261009,80,大原小中学校(京都大原学院)(旧大原小学校),,,,,京都市左京区大原来迎院町22,,,,,,35.12115479,135.8285579,,(075)744-2004,,,,,,261009,京都府京都市,,1,,1,,,,,1,641,,,,,
261009,81,元大原小学校百井分校,,,,,京都市左京区大原百井町105,,,,,,35.16316959,135.8117759,,(075)744-2010,,,,,,261009,京都府京都市,,1,,1,,,,,1,83,,,,,
261009,82,京都市立市原野小学校,,,,,京都市左京区静市野中町105,,,,,,35.08986909,135.7645924,,(075)741-2450,,,,,,261009,京都府京都市,1,1,,1,,,1,,1,1047,,,,,
261009,83,京都市立元静原小学校,,,,,京都市左京区静市静原町1125-1,,,,,,35.10928379,135.7967807,,(075)741-2075,,,,,,261009,京都府京都市,,1,,1,,,,,1,542,,,,,
261009,84,京都市立鞍馬小学校,,,,,京都市左京区鞍馬本町632,,,,,,35.10581992,135.7647229,,(075)741-2006,,,,,,261009,京都府京都市,,,,1,,,,,1,491,,,,,
261009,85,元京都市立堰源小学校,,,,,京都市左京区広河原能見町87,,,,,,35.24967642,135.7661309,,(075)746-0315,,,,,,261009,京都府京都市,,1,,1,,,,,1,132,,,,,
261009,86,元京都市立新洞小学校,,,,,京都市左京区仁王門通新東洞院西入新東洞院町252,,,,,,35.01246919,135.7750616,,(075)771-0459,,,,,,261009,京都府京都市,1,,,1,,,1,,1,447,,,,,
261009,87,元京都市立別所小学校,,,,,京都市左京区花脊別所町636,,,,,,35.17096872,135.7826564,,(075)705-5007,,,,,,261009,京都府京都市,,,,1,,,,,1,121,,,,,
261009,88,元京都市立八桝小学校,,,,,京都市左京区花脊八桝町20-1,,,,,,35.21527512,135.777699,,(075)746-0013,,,,,,261009,京都府京都市,,,,1,,,,,1,136,,,,,
261009,89,京都市立花脊小中学校,,,,,京都市左京区花脊大布施町797,,,,,,35.20887862,135.7744631,,(075)746-0131,,,,,,261009,京都府京都市,1,1,,1,,,1,,1,387,,,,,
261009,90,京都市立岡崎中学校,,,,,京都市左京区岡崎東天王町1,,,,,,35.01624675,135.7896268,,(075)771-4191,,,,,,261009,京都府京都市,1,1,,1,,,1,,1,2005,,,,,
261009,91,京都市立高野中学校,,,,,京都市左京区田中上古川町25,,,,,,35.0399219,135.7830858,,(075)781-8134,,,,,,261009,京都府京都市,1,,,1,,,1,,1,2360,,,,,
261009,92,京都市立下鴨中学校,,,,,京都市左京区下鴨泉川町40-1,,,,,,35.03835256,135.7750729,,(075)781-9181,,,,,,261009,京都府京都市,1,,,1,,,1,,1,2124,,,,,
261009,93,京都市立近衛中学校,,,,,京都市左京区吉田近衛町26-53,,,,,,35.02173501,135.7798332,,(075)771-0007,,,,,,261009,京都府京都市,1,1,,1,,,1,,1,1843,,,,,
261009,94,京都市立修学院中学校,,,,,京都市左京区一乗寺御祭田町2,,,,,,35.0421967,135.7885964,,(075)781-3000,,,,,,261009,京都府京都市,1,,,1,,,1,,1,2215,,,,,
261009,95,京都市立洛北中学校,,,,,京都市左京区岩倉忠在地町823,,,,,,35.07081014,135.7877401,,(075)721-7445,,,,,,261009,京都府京都市,1,1,,1,,,1,,1,2505,,,,,
261009,96,大原小中学校(京都大原学院)(旧大原中学校),,,,,京都市左京区大原来迎院町22,,,,,,35.12115479,135.8285579,,(075)744-2004,,,,,,261009,京都府京都市,,1,,1,,,,,1,1101,,,,,
261009,97,京都精華学園中学高等学校,,,,,京都市左京区吉田河原町5-1,,,,,,35.02499296,135.7726839,,(075)771-4181,,,,,,261009,京都府京都市,,,,1,,,,,1,1836,,,,,
261009,98,同志社中学校・高等学校,,,,,京都市左京区岩倉大鷺町89,,,,,,35.06681333,135.7861404,,(075)781-7121,,,,,,261009,京都府京都市,1,1,,1,,,1,,1,1333,,,,,
261009,99,ノートルダム女学院中学高等学校,,,,,京都市左京区鹿ケ谷桜谷町110,,,,,,35.01937996,135.7964957,,(075)771-0570,,,,,,261009,京都府京都市,,,,1,,,,,1,655,,,,,
261009,100,東山中学・高等学校,,,,,京都市左京区永観堂町51,,,,,,35.0132443,135.7942627,,(075)771-9121,,,,,,261009,京都府京都市,,,,1,,,,,1,1193,,,,,
261009,101,府立洛北高等学校・洛北高等学校附属中学校,,,,,京都市左京区下鴨梅ノ木町59,,,,,,35.04599881,135.7714541,,(075)781-0020,,,,,,261009,京都府京都市,1,,,1,,,1,,1,429,,,,,
261009,102,京都府立北稜高等学校,,,,,京都市左京区岩倉幡枝町2105,,,,,,35.07049346,135.7731889,,(075)701-2900,,,,,,261009,京都府京都市,1,1,,1,,,1,,1,641,,,,,
261009,103,京都工芸繊維大学,,,,,京都市左京区松ケ崎橋上町,,,,,,35.05004017,135.782933,,(075)724-7011,,,,,,261009,京都府京都市,1,1,,1,,,1,,1,1103,,,,,
261009,104,京都精華大学,,,,,京都市左京区岩倉木野町137,,,,,,35.0731376,135.770978,,(075)702-5228,,,,,,261009,京都府京都市,1,,,1,,,1,,1,1552,,,,,
261009,105,京都ノートルダム女子大学,,,,,京都市左京区下鴨南野々神町1,,,,,,35.05042058,135.7724732,,(075)781-1173,,,,,,261009,京都府京都市,1,,,1,,,1,,1,817,,,,,
261009,106,京都市立白河総合支援学校,,,,,京都市左京区岡崎東福ノ川町9-2,,,,,,35.0205796,135.7845188,,(075)771-5510,,,,,,261009,京都府京都市,,1,,1,,,,,1,1217,,,,,
261009,107,京都市久多いきいきセンター,,,,,京都市左京区久多下の町203,,,,,,35.2640559,135.8231143,,(075)748-2775,,,,,,261009,京都府京都市,,1,,1,,,,,1,44,,,,,
261009,108,京都市国際交流会館,,,,,京都市左京区粟田口鳥居町2-1,,,,,,35.01070829,135.7874771,,(075)752-3010,,,,,,261009,京都府京都市,,1,,1,,,,,1,580,,,,,
261009,109,京都市武道センター,,,,,京都市左京区聖護院円頓美町46-2,,,,,,35.01700769,135.7808109,,(075)751-1255,,,,,,261009,京都府京都市,1,,,1,,,1,,1,1019,,,,,
261009,110,天理教河原町大教会,,,,,京都市左京区東丸太町1-1,,,,,,35.01811866,135.7734116,,(075)761-8121,,,,,,261009,京都府京都市,1,,,1,,,1,,1,1324,,,,,
261009,111,市原野会館,,,,,京都市左京区静市市原町254-2,,,,,,35.086111,135.759973,,,,,,,,261009,京都府京都市,1,1,,1,,,1,,1,72,,,,,
261009,112,別所自治会館,,,,,京都市左京区花脊別所町249,,,,,,35.170391,135.782709,,,,,,,,261009,京都府京都市,,1,,1,,,,,1,20,,,,,
261009,113,鞍馬山修養道場,,,,,京都市左京区鞍馬本町1074,,,,,,35.1139201,135.7727888,,(075)741-2255,,,,,,261009,京都府京都市,,1,,1,,,,,1,124,,,,,
261009,114,正圓寺,,,,,京都市左京区大原小出石町1168,,,,,,35.1470407,135.8420267,,(075)744-2557,,,,,,261009,京都府京都市,,1,,1,,,,,1,51,,,,,
261009,115,公益財団法人龍池教育財団大原郊外学舎,,,,,京都市左京区大原井出町,,,,,,35.11098463,135.8194363,,072-221-0384,,,,,,261009,京都府京都市,,1,,1,,,,,1,115,,,,,
261009,116,真正極楽寺　真如堂　研修道場,,,,,京都市左京区浄土寺真如町82-3,,,,,,35.02213373,135.7897876,,(075)771-0915,,,,,,261009,京都府京都市,,1,,1,,,,,1,85,,,,,
261009,117,京都市立御所南小学校,,,,,京都市中京区柳馬場通夷川上る五丁目242,,,,,,35.01595222,135.7644653,,(075)223-0148,,,,,,261009,京都府京都市,1,,,1,,,1,,1,1935,,,,,
261009,118,京都市立御所南小学校,,,,,京都市中京区高倉通六角下る和久屋町343,,,,,,35.00681685,135.7618491,,(075)211-8784,,,,,,261009,京都府京都市,1,,,1,,,1,,1,1971,,,,,
261009,119,京都市立洛中小学校,,,,,京都市中京区壬生坊城町57-1,,,,,,35.0059912,135.7475116,,(075)841-0260,,,,,,261009,京都府京都市,1,,,1,,,1,,1,976,,,,,
261009,120,京都市立朱雀第一小学校,,,,,京都市中京区壬生朱雀町8-2,,,,,,35.0076266,135.7435836,,(075)841-3201,,,,,,261009,京都府京都市,1,,,1,,,1,,1,1829,,,,,
261009,121,京都市立朱雀第二小学校,,,,,京都市中京区西ノ京左馬寮町3-1,,,,,,35.01801282,135.7364958,,(075)841-3202,,,,,,261009,京都府京都市,1,,,1,,,1,,1,1523,,,,,
261009,122,京都市立朱雀第三小学校,,,,,京都市中京区壬生松原町81,,,,,,34.99824231,135.7400014,,(075)312-3203,,,,,,261009,京都府京都市,1,,,1,,,1,,1,1902,,,,,
261009,123,京都市立朱雀第四小学校,,,,,京都市中京区西ノ京笠殿町164,,,,,,35.0140604,135.7338766,,(075)841-3204,,,,,,261009,京都府京都市,1,,,1,,,1,,1,1583,,,,,
261009,124,京都市立朱雀第六小学校,,,,,京都市中京区西ノ京車坂町15-5,,,,,,35.0164963,135.7384789,,(075)841-3206,,,,,,261009,京都府京都市,1,,,1,,,1,,1,1252,,,,,
261009,125,京都市立朱雀第七小学校,,,,,京都市中京区壬生東土居ノ内町20,,,,,,35.00300575,135.7356295,,(075)311-0307,,,,,,261009,京都府京都市,1,,,1,,,1,,1,1556,,,,,
261009,126,京都市立朱雀第八小学校,,,,,京都市中京区西ノ京中御門西町25,,,,,,35.01664614,135.7287659,,(075)841-0080,,,,,,261009,京都府京都市,1,,,1,,,1,,1,1535,,,,,
261009,127,元京都市立教業小学校,,,,,京都市中京区大宮通御池下る三坊大宮町121-2,,,,,,35.0100498,135.7484253,,(075)841-3077,,,,,,261009,京都府京都市,1,,,1,,,1,,1,372,,,,,
261009,128,元京都市立生祥小学校,,,,,京都市中+AI130京区富小路通六角下る骨屋之町549,,,,,,35.0068252,135.7651377,,(075)221-1406,,,,,,261009,京都府京都市,1,,,1,,,1,,1,495,,,,,
261009,129,京都市立北野中学校,,,,,京都市中京区西ノ京中保町1-4,,,,,,35.02159294,135.7311018,,(075)463-7101,,,,,,261009,京都府京都市,1,,,1,,,1,,1,2425,,,,,
261009,130,京都市立朱雀中学校,,,,,京都市中京区壬生中川町20-1,,,,,,35.00700822,135.737107,,(075)841-0205,,,,,,261009,京都府京都市,1,,,1,,,1,,1,1574,,,,,
261009,131,京都市立京都御池中学校,,,,,京都市中京区柳馬場通御池上る虎石町45-3,,,,,,35.01171091,135.7642876,,(075)221-0414,,,,,,261009,京都府京都市,1,,,1,,,1,,1,3809,,,,,
261009,132,京都市立中京中学校,,,,,京都市中京区西ノ京北聖町51,,,,,,35.01289672,135.7438396,,(075)801-3266,,,,,,261009,京都府京都市,1,,,1,,,1,,1,1601,,,,,
261009,133,京都市立松原中学校,,,,,京都市中京区壬生相合町1,,,,,,34.99985617,135.7478201,,(075)841-0650,,,,,,261009,京都府京都市,1,,,1,,,1,,1,1623,,,,,
261009,134,京都市立西ノ京中学校,,,,,京都市中京区西ノ京永本町7-1,,,,,,35.01267999,135.7382096,,(075)802-3365,,,,,,261009,京都府京都市,1,,,1,,,1,,1,1917,,,,,
261009,135,京都市立西京高等学校,,,,,京都市中京区西ノ京東中合町1,,,,,,35.01140222,135.7308158,,(075)841-0010,,,,,,261009,京都府京都市,1,,,1,,,1,,1,5508,,,,,
261009,136,元京都市立銅駝美術工芸高等学校,,,,,京都市中京区土手町通竹屋町下る鉾田町542,,,,,,35.01463843,135.7701537,,(075)211-4984,,,,,,261009,京都府京都市,,,,1,,,,,1,2417,,,,,
261009,137,京都市立京都堀川音楽高等学校,,,,,京都市中京区油小路通御池押油小路町238-1,,,,,,35.0119283,135.7527582,,(075)253-1581,,,,,,261009,京都府京都市,1,,,1,,,1,,1,1310,,,,,
261009,138,京都市立堀川高等学校,,,,,京都市中京区東堀川通錦小路上る四坊堀川町622-2,,,,,,35.00533356,135.7527306,,(075)211-5351,,,,,,261009,京都府京都市,1,,,1,,,1,,1,3374,,,,,
261009,139,京都府立朱雀高等学校,,,,,京都市中京区西ノ京式部町1,,,,,,35.01449104,135.7447006,,(075)841-0127,,,,,,261009,京都府京都市,1,,,1,,,1,,1,431,,,,,
261009,140,京都両洋高等学校,,,,,京都市中京区壬生上大竹町13,,,,,,35.00757201,135.7334601,,(075)841-2025,,,,,,261009,京都府京都市,1,,,1,,,1,,1,475,,,,,
261009,141,洛陽総合高等学校,,,,,京都市中京区西ノ京春日町8,,,,,,35.01790435,135.7279049,,(075)802-0394,,,,,,261009,京都府京都市,1,,,1,,,1,,1,599,,,,,
261009,142,花園大学,,,,,京都市中京区西ノ京壺ノ内町8-1,,,,,,35.016485,135.7265967,,(075)811-5181,,,,,,261009,京都府京都市,1,,,1,,,1,,1,805,,,,,
261009,143,京都市立中京もえぎ幼稚園,,,,,京都市中京区間之町通竹屋町下る楠町601-1,,,,,,35.0155273,135.7612184,,(075)254-8441,,,,,,261009,京都府京都市,1,,,1,,,1,,1,330,,,,,
261009,144,京都芸術センター,,,,,京都市中京区室町通蛸薬師下る山伏山町546-2,,,,,,35.00543361,135.758344,,(075)213-1000,,,,,,261009,京都府京都市,1,,,1,,,1,,1,748,,,,,
261009,145,京都国際マンガミュージアム,,,,,京都市中京区烏丸通御池上る金吹町452,,,,,,35.01173867,135.7590215,,(075)254-7414,,,,,,261009,京都府京都市,1,,,1,,,1,,1,409,,,,,
261009,146,京都市教育相談総合センター こどもパトナ,,,,,京都市中京区姉小路通東洞院東入曇華院前町706-3,,,,,,35.0094741,135.7614613,,(075)213-5622,,,,,,261009,京都府京都市,1,,,1,,,1,,1,745,,,,,
261009,147,京都市子育て支援総合センター こどもみらい館,,,,,京都市中京区間之町通竹屋町下る楠町601-1,,,,,,35.0155273,135.7612184,,(075)254-5001,,,,,,261009,京都府京都市,1,,,1,,,1,,1,983,,,,,
261009,148,京都市子ども保健医療相談・事故防止センター 京あんしんこども館,,,,,京都市中京区釜座通丸太町上る梅屋町174-3,,,,,,35.01781037,135.7558799,,(075)231-8002,,,,,,261009,京都府京都市,1,,,1,,,1,,1,172,,,,,
261009,149,京都市生涯学習総合センター 京都アスニー,,,,,京都市中京区聚楽廻松下町9-2,,,,,,35.0189961,135.7384261,,(075)802-3141,,,,,,261009,京都府京都市,1,,,1,,,1,,1,1287,,,,,
261009,150,京都市男女共同参画センター ウィングス京都,,,,,京都市中京区東洞院通六角下る御射山町262,,,,,,35.0069474,135.7613297,,(075)212-7490,,,,,,261009,京都府京都市,1,,,1,,,1,,1,400,,,,,
261009,151,職員会館かもがわ,,,,,京都市中京区土手町通夷川上る末丸町284,,,,,,35.01564944,135.7708119,,(075)256-1308,,,,,,261009,京都府京都市,,,,1,,,,,1,254,,,,,
261009,152,京都市立堀川高等学校本能館及び本能自治会館,,,,,京都市中京区元本能寺南町346,,,,,,35.0058977,135.7540374,,(075)211-5351,,,,,,261009,京都府京都市,1,,,1,,,1,,1,1143,,,,,
261009,153,真如苑京都四条,,,,,京都市中京区壬生森町29-1,,,,,,35.00379461,135.7380292,,(075)822-3443,,,,,,261009,京都府京都市,,,,1,,,,,1,156,,,,,
261009,154,両洋学園両洋高等学校　第二体育館,,,,,京都市中京区西ノ京南原町58,,,,,,35.010154,135.733982,,(075)841-2025,,,,,,261009,京都府京都市,,,,1,,,,,1,360,,,,,
261009,155,立命館大学朱雀キャンパス,,,,,京都市中京区西ノ京朱雀町１,,,,,,35.009285,135.742192,,(075)813-8137,,,,,,261009,京都府京都市,,,,1,,,,,1,144,,,,,
261009,156,立誠ガーデン　ヒューリック京都,,,,,京都市中京区蛸薬師通河原町東入備前前島町310-2,,,,,,35.005985,135.770272,,(075)212-1102,,,,,,261009,京都府京都市,1,,,1,,,1,,1,154,,,,,
261009,157,元京都市立今熊野小学校,,,,,京都市東山区今熊野南日吉町27-3,,,,,,34.98462735,135.7776842,,(075)561-3322,,,,,,261009,京都府京都市,,1,,1,,,,,1,717,,,,,
261009,158,The Hotel Seiryu Kyoto Kiyomizu,,,,,京都市東山区清水二丁目204-2,,,,,,34.997476,135.779675,,(075)532-1130,,,,,,261009,京都府京都市,,1,,1,,,,,1,210,,,,,
261009,159,新道自治会館,,,,,京都市東山区小松町５７２番地,,,,,,34.9987311,135.7740785,,,,,,,,261009,京都府京都市,1,,,1,,,1,,1,48,,,,,
261009,160,元京都市立月輪小学校,,,,,京都市東山区本町通三ノ橋上る本町十七丁目358,,,,,,34.97789182,135.7718517,,(075)561-4380,,,,,,261009,京都府京都市,1,1,,1,,,1,,1,388,,,,,
261009,161,元京都市立有済小学校,,,,,京都市東山区大和大路通三条下る東入若松町393,,,,,,35.00789458,135.7739062,,(075)541-2151,,,,,,261009,京都府京都市,1,,,1,,,1,,1,347,,,,,
261009,162,京都市立開睛小中学校,,,,,京都市東山区六波羅裏門通東入多門町155,,,,,,34.99634282,135.7741732,,(075)533-8811,,,,,,261009,京都府京都市,1,1,,1,,,1,,1,4271,,,,,
261009,163,京都市立東山泉小学校・京都市立東山泉中学校 西学舎,,,,,京都市東山区大和大路通七条下る5丁目下池田町527,,,,,,34.98393285,135.7707961,,(075)532-0377,,,,,,261009,京都府京都市,1,1,,1,,,1,,1,2233,,,,,
261009,164,京都市立東山泉小学校・京都市立東山泉中学校 東学舎,,,,,京都市東山区泉涌寺山内町5,,,,,,34.97963903,135.7782509,,(075)532-0355,,,,,,261009,京都府京都市,1,1,,1,,,1,,1,2203,,,,,
261009,165,大谷中学高等学校,,,,,京都市東山区今熊野池田町12,,,,,,34.98404398,135.7720543,,(075)541-1312,,,,,,261009,京都府京都市,1,1,,1,,,1,,1,1350,,,,,
261009,166,華頂女子中学高等学校,,,,,京都市東山区林下町3-456,,,,,,35.0068558,135.7807445,,(075)541-0391,,,,,,261009,京都府京都市,1,1,,1,,,1,,1,630,,,,,
261009,167,京都女子中学校・高等学校,,,,,京都市東山区今熊野北日吉町17,,,,,,34.99009621,135.7770175,,(075)531-7358,,,,,,261009,京都府京都市,1,1,,1,,,1,,1,1423,,,,,
261009,168,京都市立日吉ケ丘高等学校,,,,,京都市東山区今熊野悲田院山町5-22,,,,,,34.97882517,135.7759373,,(075)561-0710,,,,,,261009,京都府京都市,1,1,,1,,,1,,1,3570,,,,,
261009,169,京都華頂大学・華頂短期大学,,,,,京都市東山区林下町3-456,,,,,,35.00680356,135.779876,,(075)551-1188,,,,,,261009,京都府京都市,1,1,,1,,,1,,1,692,,,,,
261009,170,京都女子大学,,,,,京都市東山区今熊野北日吉町35,,,,,,34.9886047,135.7798422,,(075)531-7030,,,,,,261009,京都府京都市,,,,1,,,,,1,1193,,,,,
261009,171,京都市立東山総合支援学校,,,,,京都市東山区東大路渋谷下る妙法院前側町441,,,,,,34.99201268,135.7756398,,(075)561-3373,,,,,,261009,京都府京都市,1,1,,1,,,1,,1,1323,,,,,
261009,172,京都府立陶工高等技術専門校,,,,,京都市東山区今熊野阿弥陀ケ峰町17-2,,,,,,34.99069342,135.7819947,,(075)561-2943,,,,,,261009,京都府京都市,1,,,1,,,1,,1,107,,,,,
261009,173,東山地域体育館,,,,,京都市東山区清水五丁目130-6 東山区総合庁舎3階,,,,,,34.99702887,135.7763396,,(075)532-0474,,,,,,261009,京都府京都市,,1,,1,,,,,1,417,,,,,
261009,174,大谷本廟,,,,,京都市東山区五条橋東六丁目514,,,,,,34.99342088,135.777234,,(075)531-4171,,,,,,261009,京都府京都市,1,1,,1,,,1,,1,172,,,,,
261009,175,建仁寺,,,,,京都市東山区大和大路通四条下る四丁目小松町584,,,,,,34.99972307,135.7744314,,(075)561-6363,,,,,,261009,京都府京都市,,,,1,,,,,1,160,,,,,
261009,176,知恩院 和順会館,,,,,京都市東山区林下町400-2,,,,,,35.00456153,135.7803668,,(075)205-5013,,,,,,261009,京都府京都市,1,1,,1,,,1,,1,249,,,,,
261009,177,東福寺,,,,,京都市東山区本町十五丁目778,,,,,,34.9767345,135.7742716,,(075)561-0087,,,,,,261009,京都府京都市,1,1,,1,,,1,,1,364,,,,,
261009,178,妙法院,,,,,京都市東山区妙法院前側町447,,,,,,34.9904045,135.7755621,,(075)561-1744,,,,,,261009,京都府京都市,1,1,,1,,,1,,1,167,,,,,
261009,179,立正佼成会 京都教会,,,,,京都市東山区三条白川橋東入ル5丁目東町230,,,,,,35.00988889,135.7859412,,(075)762-2211,,,,,,261009,京都府京都市,1,1,,1,,,1,,1,740,,,,,
261009,180,弥栄自治会館,,,,,京都市東山区祇園町南側,,,,,,35.0032,135.77691,,,,,,,,261009,京都府京都市,1,1,,1,,,1,,1,75,,,,,
261009,181,弥栄ふれあいサロン,,,,,京都市東山区祇園町南側551,,,,,,35.00318,135.77636,,(075)757-8600,,,,,,261009,京都府京都市,,1,,1,,,,,1,102,,,,,
261009,182,京都国立博物館　平成知新館,,,,,京都市東山区茶屋町526,,,,,,34.990581,135.772377,,(075)531-7503,,,,,,261009,京都府京都市,1,,,1,,,1,,1,322,,,,,
261009,183,京都美術工芸大学京都東山キャンパス,,,,,京都市東山区鞘町通正面下る上堀詰町272,,,,,,34.991177,135.768758,,(075)525-1515,,,,,,261009,京都府京都市,1,,,1,,,1,,1,495,,,,,
261009,184,やすらぎ・ふれあい館,,,,,京都市東山区五条通大和大路東入5丁目梅林町576-5,,,,,,34.9952546,135.7758451,,,,,,,,261009,京都府京都市,,1,,,,,,,,56,,,,,
261009,185,地域交流施設あわた,,,,,京都市東山区三条通白川橋東入三丁目夷町175-2,,,,,,35.0092241,135.783657,,,,,,,,261009,京都府京都市,1,1,,1,,,1,,1,499,,,,,
261009,186,京都市東山いきいき市民活動センター,,,,,京都市東山区三条通大橋東入2丁目下る巽町442-9,,,,,,35.0078441,135.7744695,,,,,,,,261009,京都府京都市,1,,,1,,,1,,1,215,,,,,
261009,187,京都市立山階小学校,,,,,京都市山科区西野大手先町21,,,,,,34.98379514,135.8131828,,(075)581-2143,,,,,,261009,京都府京都市,1,,,1,,,1,,1,1830,,,,,
261009,188,京都市立西野小学校,,,,,京都市山科区西野櫃川町34,,,,,,34.98227836,135.8032006,,(075)501-5700,,,,,,261009,京都府京都市,1,,,1,,,1,,1,1758,,,,,
261009,189,京都市立山階南小学校,,,,,京都市山科区東野八代10,,,,,,34.9774939,135.8073671,,(075)592-2849,,,,,,261009,京都府京都市,1,,,1,,,1,,1,2061,,,,,
261009,190,京都市立安朱小学校,,,,,京都市山科区安朱山川町17,,,,,,34.99621324,135.8182604,,(075)591-0001,,,,,,261009,京都府京都市,1,1,,1,,,1,,1,1280,,,,,
261009,191,京都市立鏡山小学校,,,,,京都市山科区御陵血洗町18,,,,,,34.9905767,135.8063185,,(075)581-2183,,,,,,261009,京都府京都市,1,1,,1,,,1,,1,2048,,,,,
261009,192,京都市立陵ケ岡小学校,,,,,京都市山科区御陵岡町45,,,,,,34.99274901,135.8029676,,(075)591-0002,,,,,,261009,京都府京都市,1,1,,1,,,1,,1,1644,,,,,
261009,193,京都市立音羽小学校,,,,,京都市山科区音羽森廻り町32,,,,,,34.98582572,135.8250095,,(075)592-0001,,,,,,261009,京都府京都市,1,1,,1,,,1,,1,1860,,,,,
261009,194,京都市立音羽川小学校,,,,,京都市山科区音羽西林36,,,,,,34.98282045,135.820821,,(075)501-4414,,,,,,261009,京都府京都市,1,,,1,,,1,,1,1744,,,,,
261009,195,京都市立大塚小学校,,,,,京都市山科区大塚野溝町59,,,,,,34.98303443,135.8299146,,(075)592-6141,,,,,,261009,京都府京都市,1,1,,1,,,1,,1,1908,,,,,
261009,196,京都市立勧修小学校,,,,,京都市山科区勧修寺東栗栖野町42,,,,,,34.96994958,135.8083638,,(075)591-0003,,,,,,261009,京都府京都市,1,,,1,,,1,,1,2042,,,,,
261009,197,京都市立小野小学校,,,,,京都市山科区小野蚊ケ瀬町2,,,,,,34.96371694,135.8118801,,(075)571-8282,,,,,,261009,京都府京都市,1,1,,1,,,1,,1,1586,,,,,
261009,198,京都市立百々小学校,,,,,京都市山科区西野山百々町173-1,,,,,,34.9767456,135.7960682,,(075)593-3250,,,,,,261009,京都府京都市,1,1,,1,,,1,,1,2347,,,,,
261009,199,京都市立大宅小学校,,,,,京都市山科区大宅五反畑町69-2,,,,,,34.9742901,135.8236303,,(075)591-0015,,,,,,261009,京都府京都市,1,1,,1,,,1,,1,2314,,,,,
261009,200,京都市立山科中学校,,,,,京都市山科区東野八反畑町50-1,,,,,,34.97665715,135.8102245,,(075)594-1151,,,,,,261009,京都府京都市,1,,,1,,,1,,1,2369,,,,,
261009,201,京都市立勧修中学校,,,,,京都市山科区勧修寺平田町92,,,,,,34.9661167,135.8126717,,(075)591-9111,,,,,,261009,京都府京都市,1,1,,1,,,1,,1,2512,,,,,
261009,202,京都市立大宅中学校,,,,,京都市山科区大宅山田113,,,,,,34.96717227,135.821543,,(075)573-3067,,,,,,261009,京都府京都市,1,1,,1,,,1,,1,2343,,,,,
261009,203,京都市立安祥寺中学校,,,,,京都市山科区西野今屋敷町9-6,,,,,,34.98579764,135.8126496,,(075)592-2848,,,,,,261009,京都府京都市,1,,,1,,,1,,1,2198,,,,,
261009,204,京都市立音羽中学校,,,,,京都市山科区大塚野溝町86,,,,,,34.98288443,135.8284231,,(075)581-9115,,,,,,261009,京都府京都市,1,1,,1,,,1,,1,2592,,,,,
261009,205,京都市立花山中学校,,,,,京都市山科区北花山横田町27-1,,,,,,34.98848574,135.8027397,,(075)581-5128,,,,,,261009,京都府京都市,1,1,,1,,,1,,1,2202,,,,,
261009,206,京都府立洛東高等学校,,,,,京都市山科区安朱川向町10,,,,,,34.99708256,135.8174688,,(075)581-1124,,,,,,261009,京都府京都市,1,,,1,,,1,,1,806,,,,,
261009,207,京都橘大学,,,,,京都市山科区大宅山田町34,,,,,,34.96853602,135.8261287,,(075)571-1111,,,,,,261009,京都府京都市,1,,,1,,,1,,1,277,,,,,
261009,208,京都薬科大学,,,,,京都市山科区御陵中内町5,,,,,,34.99111628,135.8092223,,(075)595-4600,,,,,,261009,京都府京都市,1,1,,1,,,1,,1,810,,,,,
261009,209,京都市立東総合支援学校,,,,,京都市山科区大塚高岩3,,,,,,34.97894044,135.8318755,,(075)594-6501,,,,,,261009,京都府京都市,1,,,1,,,1,,1,1856,,,,,
261009,210,一燈園小学校・中学校・高等学校,,,,,京都市山科区四ノ宮柳山町29,,,,,,34.99594133,135.8286233,,(075)595-3711,,,,,,261009,京都府京都市,1,,,1,,,1,,1,408,,,,,
261009,211,京都市生涯学習総合センター山科,,,,,京都市山科区竹鼻竹ノ街道町92 ラクト山科C棟2階,,,,,,34.99015559,135.817727,,(075)593-1515,,,,,,261009,京都府京都市,1,1,,1,,,1,,1,346,,,,,
261009,212,京都市東部文化会館,,,,,京都市山科区椥辻西浦町1-8,,,,,,34.97642112,135.8140437,,(075)502-1012,,,,,,261009,京都府京都市,,,,1,,,,,1,147,,,,,
261009,213,山科地域体育館,,,,,京都市山科区椥辻西浦町1-12,,,,,,34.9769655,135.8136603,,(075)595-9705,,,,,,261009,京都府京都市,1,,,1,,,1,,1,677,,,,,
261009,214,京都刑務所 鍛錬場,,,,,京都市山科区東野井ノ上町20,,,,,,34.97646561,135.8174295,,(075)581-2171,,,,,,261009,京都府京都市,1,,,1,,,1,,1,295,,,,,
261009,215,東山老年サナトリウム,,,,,京都市山科区日ノ岡夷谷町11,,,,,,35.00038686,135.7943602,,(075)771-4196,,,,,,261009,京都府京都市,,,,1,,,,,1,227,,,,,
261009,216,本願寺山科別院,,,,,京都市山科区東野狐藪町2,,,,,,34.9834139,135.8153726,,(075)581-0924,,,,,,261009,京都府京都市,1,,,1,,,1,,1,237,,,,,
261009,217,東本願寺山科別院長福寺,,,,,京都市山科区竹鼻サイカシ町13-17,,,,,,34.98576158,135.8142605,,(075)581-3410,,,,,,261009,京都府京都市,1,,,1,,,1,,1,161,,,,,
261009,218,京都市立洛央小学校,,,,,京都市下京区仏光寺通東洞院東入仏光寺西町345-1,,,,,,35.00162838,135.7615577,,(075)344-2093,,,,,,261009,京都府京都市,1,,,1,,,1,,1,2038,,,,,
261009,219,京都市立下京渉成小学校,,,,,京都市下京区皆山町438-1,,,,,,34.9896516,135.7623052,,(075)342-2522,,,,,,261009,京都府京都市,1,,,1,,,1,,1,1503,,,,,
261009,220,京都市立下京雅小学校,,,,,京都市下京区醒ケ井通松原下る篠屋町59,,,,,,34.99844245,135.7531002,,(075)351-2917,,,,,,261009,京都府京都市,1,,,1,,,1,,1,1583,,,,,
261009,221,元京都市立淳風小学校,,,,,京都市下京区大宮通花屋町上る柿本町609-1,,,,,,34.99344559,135.7498424,,(075)351-3800,,,,,,261009,京都府京都市,1,,,1,,,1,,1,757,,,,,
261009,222,京都市立梅小路小学校,,,,,京都市下京区観喜寺町3,,,,,,34.9879932,135.7459289,,(075)371-7303,,,,,,261009,京都府京都市,1,,,1,,,1,,1,1375,,,,,
261009,223,京都市立光徳小学校,,,,,京都市下京区中堂寺坊城町26-1,,,,,,34.99673692,135.743815,,(075)841-3992,,,,,,261009,京都府京都市,1,,,1,,,1,,1,1763,,,,,
261009,224,京都市立七条小学校,,,,,京都市下京区西七条石井町61,,,,,,34.98719038,135.7349575,,(075)313-0077,,,,,,261009,京都府京都市,1,,,1,,,1,,1,1364,,,,,
261009,225,京都市立西大路小学校,,,,,京都市下京区七条御所ノ内西町71-1,,,,,,34.98695425,135.727622,,(075)313-0501,,,,,,261009,京都府京都市,1,,,1,,,1,,1,1173,,,,,
261009,226,京都市立七条第三小学校,,,,,京都市下京区西七条西石ケ坪町5,,,,,,34.99285379,135.7340547,,(075)313-7380,,,,,,261009,京都府京都市,1,,,1,,,1,,1,1364,,,,,
261009,227,元京都市立安寧小学校,,,,,京都市下京区東堀川通木津屋橋下る御方紺屋町1,,,,,,34.98755997,135.7523256,,(075)371-2515,,,,,,261009,京都府京都市,1,,,1,,,1,,1,409,,,,,
261009,228,元京都市立格致小学校,,,,,京都市下京区高辻通堀川東入西高辻町602,,,,,,35.00072282,135.753314,,(075)351-2505,,,,,,261009,京都府京都市,1,,,1,,,1,,1,880,,,,,
261009,229,京都市立芸術大学（体育館）,,,,,京都市下京区川端町16,,,,,,34.98648252,135.7670826,,(075)585-2000,,,,,,261009,京都府京都市,,,,1,,,,,1,300,,,,,
261009,230,元京都市立有隣小学校,,,,,京都市下京区富小路通五条上る本神明町411,,,,,,34.99703156,135.7646353,,(075)351-2220,,,,,,261009,京都府京都市,1,,,1,,,1,,1,973,,,,,
261009,231,京都市立下京中学校,,,,,京都市下京区楊梅通新町東入蛭子町120-1,,,,,,34.99527052,135.7572639,,(075)371-2100,,,,,,261009,京都府京都市,1,,,1,,,1,,1,3153,,,,,
261009,232,京都市立下京中学校成徳学舎,,,,,京都市下京区高辻通室町西入繁昌町290,,,,,,34.99998959,135.7573165,,(075)341-6229,,,,,,261009,京都府京都市,1,,,1,,,1,,1,205,,,,,
261009,233,京都市立七条中学校,,,,,京都市下京区西七条御領町32,,,,,,34.99063178,135.7371768,,(075)313-0972,,,,,,261009,京都府京都市,1,,,1,,,1,,1,1885,,,,,
261009,234,京都市立洛友中学校(元郁文中学校),,,,,京都市下京区大宮通綾小路下る綾大宮町51-2,,,,,,35.0019449,135.7487394,,(075)821-2196,,,,,,261009,京都府京都市,1,,,1,,,1,,1,1650,,,,,
261009,235,元京都市立梅逕中学校,,,,,京都市下京区大宮通八条上る三丁目東側垣ケ内町248,,,,,,34.98626837,135.7496592,,(075)361-6201,,,,,,261009,京都府京都市,1,,,1,,,1,,1,697,,,,,
261009,236,京都産業大学附属中学校・高等学校,,,,,京都市下京区中堂寺命婦町1-10,,,,,,34.99792017,135.7445288,,(075)279-0001,,,,,,261009,京都府京都市,1,,,1,,,1,,1,1045,,,,,
261009,237,龍谷大学付属 平安中学校・平安高等学校,,,,,京都市下京区御器屋町30,,,,,,34.9901847,135.7483592,,(075)361-4231,,,,,,261009,京都府京都市,1,,,1,,,1,,1,1096,,,,,
261009,238,京都市学校歴史博物館,,,,,京都市下京区御幸町通仏光寺下る橘町437,,,,,,35.0009535,135.7658489,,(075)344-1305,,,,,,261009,京都府京都市,1,,,1,,,1,,1,177,,,,,
261009,239,京都市修徳特別養護老人ホーム,,,,,京都市下京区新町通松原下る富永町110-1,,,,,,34.99815918,135.7570221,,(075)351-2181,,,,,,261009,京都府京都市,1,,,1,,,1,,1,256,,,,,
261009,240,京都市総合教育センター,,,,,京都市下京区河原町通仏光寺西入富永町344,,,,,,35.0022281,135.7680303,,(075)371-2340,,,,,,261009,京都府京都市,1,,,1,,,1,,1,839,,,,,
261009,241,下京地域体育館,,,,,京都市下京区川端町13,,,,,,34.98657416,135.7662827,,(075)351-7510,,,,,,261009,京都府京都市,1,,,1,,,1,,1,493,,,,,
261009,242,ひと・まち交流館 京都,,,,,京都市下京区西木屋町通上ノ口上る梅湊町83-1,,,,,,34.9932408,135.7651403,,(075)354-8711,,,,,,261009,京都府京都市,1,,,1,,,1,,1,137,,,,,
261009,243,池坊学園,,,,,京都市下京区室町通四条下る鶏鉾町491,,,,,,35.00325322,135.7576913,,(075)351-8581,,,,,,261009,京都府京都市,1,,,1,,,1,,1,318,,,,,
261009,244,社会福祉法人錦会　稚松保育園,,,,,京都市下京区河原町通上枳殻馬場上ル若松町420,,,,,,34.992347,135.762875,,(075)393-0100,,,,,,261009,京都府京都市,1,,,1,,,1,,1,150,,,,,
261009,245,植柳コミュニティセンター,,,,,京都市下京区西洞院通花屋町下る西洞院町466他,,,,,,34.991961,135.7543843,,(075)341-1555,,,,,,261009,京都府京都市,1,,,1,,,1,,1,225,,,,,
261009,246,京都市立九条弘道小学校,,,,,京都市南区西九条春日町13,,,,,,34.9810716,135.7545368,,(075)671-6981,,,,,,261009,京都府京都市,1,,,1,,,1,,1,1515,,,,,
261009,247,京都市立九条塔南小学校,,,,,京都市南区西九条御幸田町109,,,,,,34.97596924,135.7487011,,(075)691-1540,,,,,,261009,京都府京都市,1,,,1,,,1,,1,1420,,,,,
261009,248,京都市立南大内小学校,,,,,京都市南区八条内田町20-2,,,,,,34.98014105,135.7444236,,(075)691-8458,,,,,,261009,京都府京都市,1,,,1,,,1,,1,1441,,,,,
261009,249,京都市立唐橋小学校,,,,,京都市南区唐橋西寺町65,,,,,,34.97957714,135.7378046,,(075)691-8001,,,,,,261009,京都府京都市,1,,,1,,,1,,1,1434,,,,,
261009,250,京都市立吉祥院小学校,,,,,京都市南区吉祥院船戸町34,,,,,,34.9748414,135.7324549,,(075)671-5395,,,,,,261009,京都府京都市,1,,,1,,,1,,1,1670,,,,,
261009,251,京都市立祥栄小学校,,,,,京都市南区吉祥院蒔絵町14,,,,,,34.96763644,135.737235,,(075)681-1556,,,,,,261009,京都府京都市,1,,,1,,,1,,1,1727,,,,,
261009,252,京都市立祥豊小学校,,,,,京都市南区吉祥院三ノ宮町23,,,,,,34.9775439,135.7280219,,(075)691-2486,,,,,,261009,京都府京都市,1,,,1,,,1,,1,1507,,,,,
261009,253,京都市立上鳥羽小学校,,,,,京都市南区上鳥羽城ケ前町236,,,,,,34.96428685,135.7436012,,(075)691-0393,,,,,,261009,京都府京都市,1,,,1,,,1,,1,1298,,,,,
261009,254,京都市立大藪小学校,,,,,京都市南区久世大藪町62,,,,,,34.9602355,135.7185164,,(075)921-3303,,,,,,261009,京都府京都市,1,,,1,,,1,,1,1585,,,,,
261009,255,京都市立久世西小学校,,,,,京都市南区久世上久世町454,,,,,,34.9630584,135.7143746,,(075)934-0460,,,,,,261009,京都府京都市,1,,,1,,,1,,1,1680,,,,,
261009,256,元京都市立山王小学校,,,,,京都市南区東九条東山王町27,,,,,,34.98286,135.762,,(075)672-6464,,,,,,261009,京都府京都市,1,,,1,,,1,,1,495,,,,,
261009,257,元京都市立陶化小学校,,,,,京都市南区東九条中御霊町55,,,,,,34.97856923,135.7627972,,(075)672-1172,,,,,,261009,京都府京都市,1,,,1,,,1,,1,696,,,,,
261009,258,元京都市立東和小学校(凌風小・中学校第２校舎),,,,,京都市南区東九条南烏丸町19,,,,,,34.97835802,135.7591227,,(075)693-8222,,,,,,261009,京都府京都市,1,,,1,,,1,,1,307,,,,,
261009,259,京都市立凌風小学校・中学校(凌風学園),,,,,京都市南区東九条下殿田町56,,,,,,34.9790635,135.7575172,,(075)693-8222,,,,,,261009,京都府京都市,1,,,1,,,1,,1,4507,,,,,
261009,260,京都市立八条中学校,,,,,京都市南区唐橋門脇町35,,,,,,34.98268245,135.7386878,,(075)681-5264,,,,,,261009,京都府京都市,1,,,1,,,1,,1,1649,,,,,
261009,261,京都市立九条中学校,,,,,京都市南区西九条南小路町1,,,,,,34.98100493,135.7500787,,(075)681-2211,,,,,,261009,京都府京都市,1,,,1,,,1,,1,1349,,,,,
261009,262,京都市立洛南中学校,,,,,京都市南区吉祥院落合町31,,,,,,34.9745081,135.7387461,,(075)691-0018,,,,,,261009,京都府京都市,1,,,1,,,1,,1,3493,,,,,
261009,263,京都市立久世中学校,,,,,京都市南区久世殿城町481-1,,,,,,34.95669276,135.7190332,,(075)933-3223,,,,,,261009,京都府京都市,1,,,1,,,1,,1,2185,,,,,
261009,264,洛南高等学校・洛南高等学校附属中学校,,,,,京都市南区壬生通八条下る東寺町559,,,,,,34.983835,135.746869,,(075)681-6511,,,,,,261009,京都府京都市,1,,,1,,,1,,1,1308,,,,,
261009,265,京都市立塔南高等学校,,,,,京都市南区吉祥院観音堂町41,,,,,,34.96691,135.733484,,(075)681-0701,,,,,,261009,京都府京都市,1,,,1,,,1,,1,3134,,,,,
261009,266,京都府立鳥羽高等学校,,,,,京都市南区西九条大国町1,,,,,,34.978199,135.744725,,(075)672-6788,,,,,,261009,京都府京都市,1,,,1,,,1,,1,1077,,,,,
261009,267,京都市立嵯峨小学校,,,,,京都市右京区嵯峨釈迦堂大門町35-1,,,,,,35.0216645,135.6760471,,(075)861-1543,,,,,,261009,京都府京都市,1,1,,1,,,1,,1,1954,,,,,
261009,268,京都市立広沢小学校,,,,,京都市右京区嵯峨広沢西裏町25,,,,,,35.02248677,135.6874743,,(075)881-4978,,,,,,261009,京都府京都市,,,,1,,,,,1,1826,,,,,
261009,269,京都市立嵐山小学校,,,,,京都市右京区嵯峨柳田町35-1,,,,,,35.01344068,135.6866803,,(075)872-1466,,,,,,261009,京都府京都市,,,,1,,,,,1,1214,,,,,
261009,270,京都市立水尾小学校(休校中),,,,,京都市右京区嵯峨水尾宮ノ脇町32-2,,,,,,35.04543,135.6253,,,,,,,,261009,京都府京都市,,1,,1,,,,,1,173,,,,,
261009,271,京都市立太秦小学校,,,,,京都市右京区太秦奥殿町1-1,,,,,,35.0122369,135.7070664,,(075)861-1594,,,,,,261009,京都府京都市,1,,,1,,,1,,1,2579,,,,,
261009,272,京都市立南太秦小学校,,,,,京都市右京区太秦前ノ田町22,,,,,,35.00948551,135.7034376,,(075)881-7781,,,,,,261009,京都府京都市,1,,,1,,,1,,1,1354,,,,,
261009,273,京都市立常磐野小学校,,,,,京都市右京区太秦京ノ道町20-5,,,,,,35.02191749,135.7027762,,(075)872-9735,,,,,,261009,京都府京都市,1,,,1,,,1,,1,2167,,,,,
261009,274,京都市立安井小学校,,,,,京都市右京区太秦安井柳通町15,,,,,,35.01426847,135.7204278,,(075)841-3130,,,,,,261009,京都府京都市,1,,,1,,,1,,1,1565,,,,,
261009,275,京都市立嵯峨野小学校,,,,,京都市右京区嵯峨野千代ノ道町53,,,,,,35.01219357,135.6960242,,(075)861-4177,,,,,,261009,京都府京都市,1,1,,1,,,1,,1,2209,,,,,
261009,276,京都市立御室小学校,,,,,京都市右京区御室竪町19,,,,,,35.027006,135.7161586,,(075)462-0008,,,,,,261009,京都府京都市,1,1,,1,,,1,,1,1694,,,,,
261009,277,京都市立宇多野小学校,,,,,京都市右京区宇多野上ノ谷8,,,,,,35.03142759,135.7084035,,(075)462-8136,,,,,,261009,京都府京都市,1,1,,1,,,1,,1,1595,,,,,
261009,278,京都市立花園小学校,,,,,京都市右京区花園車道町1,,,,,,35.0190069,135.7220499,,(075)841-6900,,,,,,261009,京都府京都市,1,,,1,,,1,,1,1255,,,,,
261009,279,京都市立西院小学校,,,,,京都市右京区西院春日町3-1,,,,,,35.0056193,135.7293327,,(075)312-3993,,,,,,261009,京都府京都市,1,,,1,,,1,,1,1649,,,,,
261009,280,京都市立山ノ内小学校,,,,,京都市右京区山ノ内山ノ下町22,,,,,,35.00564427,135.7218306,,(075)311-3546,,,,,,261009,京都府京都市,1,,,1,,,1,,1,1626,,,,,
261009,281,京都市立高雄小学校,,,,,京都市右京区梅ケ畑奥殿町15,,,,,,35.04538654,135.6819514,,(075)861-1028,,,,,,261009,京都府京都市,,,,1,,,,,1,499,,,,,
261009,282,京都市立梅津小学校,,,,,京都市右京区梅津中村町38,,,,,,35.00143906,135.6998853,,(075)861-0009,,,,,,261009,京都府京都市,1,,,1,,,1,,1,1646,,,,,
261009,283,京都市立梅津北小学校,,,,,京都市右京区梅津開キ町16,,,,,,35.00619416,135.7002629,,(075)881-5130,,,,,,261009,京都府京都市,1,,,1,,,1,,1,1944,,,,,
261009,284,京都市立西京極小学校,,,,,京都市右京区西京極芝ノ下町31,,,,,,34.98748472,135.7193282,,(075)313-1319,,,,,,261009,京都府京都市,1,,,1,,,1,,1,1774,,,,,
261009,285,京都市立西京極西小学校,,,,,京都市右京区西京極藪開町4-1,,,,,,34.98620149,135.7160923,,(075)315-1844,,,,,,261009,京都府京都市,1,,,1,,,1,,1,1385,,,,,
261009,286,京都市立葛野小学校,,,,,京都市右京区西京極葛野町2,,,,,,34.9982616,135.7180699,,(075)311-3510,,,,,,261009,京都府京都市,1,,,1,,,1,,1,1522,,,,,
261009,287,元京都市立京北第一小学校,,,,,京都市右京区京北周山町下寺田11,,,,,,35.1556545,135.6352886,,(075)852-0026,,,,,,261009,京都府京都市,,,,1,,,,,1,1655,,,,,
261009,288,元京都市立京北第二小学校,,,,,京都市右京区京北塔町中筋浦8-1,,,,,,35.18046892,135.6619509,,(075)853-0002,,,,,,261009,京都府京都市,1,1,,1,,,1,,1,1039,,,,,
261009,289,元京都市立京北第三小学校,,,,,京都市右京区京北上弓削町弾正27,,,,,,35.20311849,135.6388833,,(075)854-0244,,,,,,261009,京都府京都市,1,1,,1,,,1,,1,803,,,,,
261009,290,元京都市立宇津小学校,,,,,京都市右京区京北中地町蛸谷口13,,,,,,35.13966,135.5925,,,,,,,,261009,京都府京都市,1,1,,1,,,1,,1,697,,,,,
261009,291,元京都市立細野小学校,,,,,京都市右京区京北細野町東ノ垣内30,,,,,,35.12433916,135.6429332,,,,,,,,261009,京都府京都市,,,,1,,,,,1,270,,,,,
261009,292,京都市立宕陰小中学校,,,,,京都市右京区嵯峨越畑南ノ町32-2,,,,,,35.08300225,135.6107738,,0771-44-0310,,,,,,261009,京都府京都市,,,,1,,,,,1,569,,,,,
261009,293,京都市立蜂ケ岡中学校,,,,,京都市右京区嵯峨野開町1-1,,,,,,35.01630422,135.6986878,,(075)861-2168,,,,,,261009,京都府京都市,1,1,,1,,,1,,1,2892,,,,,
261009,294,京都市立太秦中学校,,,,,京都市右京区太秦多藪町14-144,,,,,,35.01188527,135.7037292,,(075)872-0037,,,,,,261009,京都府京都市,1,,,1,,,1,,1,2139,,,,,
261009,295,京都市立嵯峨中学校,,,,,京都市右京区嵯峨新宮町63-2,,,,,,35.02271172,135.6840439,,(075)871-0533,,,,,,261009,京都府京都市,,,,1,,,,,1,2377,,,,,
261009,296,京都市立四条中学校,,,,,京都市右京区西院日照町1,,,,,,35.00315562,135.7247193,,(075)312-0040,,,,,,261009,京都府京都市,1,,,1,,,1,,1,2205,,,,,
261009,297,京都市立西京極中学校,,,,,京都市右京区西京極宮ノ東町1,,,,,,34.99065391,135.722889,,(075)315-1531,,,,,,261009,京都府京都市,1,,,1,,,1,,1,2518,,,,,
261009,298,京都市立梅津中学校,,,,,京都市右京区梅津北川町34,,,,,,35.00621916,135.6975576,,(075)882-0910,,,,,,261009,京都府京都市,1,,,1,,,1,,1,1873,,,,,
261009,299,京都市立西院中学校,,,,,京都市右京区西院矢掛町5,,,,,,34.9997921,135.7292495,,(075)312-0365,,,,,,261009,京都府京都市,1,,,1,,,1,,1,1700,,,,,
261009,300,元京都市立高雄中学校,,,,,京都市右京区梅ケ畑奥殿町36,,,,,,35.04588092,135.6811793,,(075)872-1286,,,,,,261009,京都府京都市,,,,1,,,,,1,432,,,,,
261009,301,京都市立双ケ丘中学校,,,,,京都市右京区花園岡ノ本町5-1,,,,,,35.02290086,135.7155059,,(075)463-8165,,,,,,261009,京都府京都市,1,1,,1,,,1,,1,2631,,,,,
261009,302,京都市立京都京北小中学校,,,,,京都市右京区京北周山町中山51,,,,,,35.15750431,135.6354859,,(075)852-1133,,,,,,261009,京都府京都市,1,1,,1,,,1,,1,2380,,,,,
261009,303,京都府立嵯峨野高等学校,,,,,京都市右京区常盤段ノ上町15,,,,,,35.01954832,135.7037096,,(075)871-0723,,,,,,261009,京都府京都市,1,,,1,,,1,,1,990,,,,,
261009,304,京都府立北嵯峨高等学校,,,,,京都市右京区嵯峨大沢柳井手町7,,,,,,35.02590847,135.6810606,,(075)872-1700,,,,,,261009,京都府京都市,1,1,,1,,,1,,1,782,,,,,
261009,305,京都府立北桑田高等学校,,,,,京都市右京区京北下弓削町沢ノ奥15,,,,,,35.19660537,135.6319618,,(075)854-0022,,,,,,261009,京都府京都市,1,,,1,,,1,,1,619,,,,,
261009,306,京都外大西高等学校,,,,,京都市右京区山ノ内苗町37,,,,,,35.00498042,135.7184781,,(075)321-0712,,,,,,261009,京都府京都市,,,,,,,,,,305,,,,,
261009,307,花園高等学校,,,,,京都市右京区花園木辻北町1,,,,,,35.02199552,135.7227831,,(075)463-5221,,,,,,261009,京都府京都市,1,,,1,,,1,,1,660,,,,,
261009,308,京都外国語大学,,,,,京都市右京区西院笠目町6,,,,,,35.00437214,135.7191503,,(075)322-6047,,,,,,261009,京都府京都市,1,,,1,,,1,,1,609,,,,,
261009,309,京都先端科学大学 太秦キャンパス,,,,,京都市右京区山ノ内五反田町18 ,,,,,,35.01052,135.7185,,(075)406-7000,,,,,,261009,京都府京都市,1,,,1,,,1,,1,408,,,,,
261009,310,京都光華女子大学・京都光華女子大学短期大学部,,,,,京都市右京区西京極葛野町38,,,,,,34.9973117,135.7190281,,(075)325-5208,,,,,,261009,京都府京都市,1,,,1,,,1,,1,573,,,,,
261009,311,嵯峨美術大学・嵯峨美術短期大学,,,,,京都市右京区嵯峨五島町1,,,,,,35.01281298,135.6879747,,(075)864-7858,,,,,,261009,京都府京都市,1,,,1,,,1,,1,475,,,,,
261009,312,京都市立鳴滝総合支援学校,,,,,京都市右京区音戸山山ノ茶屋町9-2,,,,,,35.02813068,135.7041094,,(075)461-3221,,,,,,261009,京都府京都市,1,1,,1,,,1,,1,797,,,,,
261009,313,京都府立聾学校,,,,,京都市右京区御室大内4,,,,,,35.03229981,135.7133476,,(075)461-8121,,,,,,261009,京都府京都市,1,,,1,,,1,,1,573,,,,,
261009,314,光華小学校・京都光華中学校・京都光華高等学校,,,,,京都市右京区西京極野田町39,,,,,,34.99577567,135.718331,,(075)325-5223,,,,,,261009,京都府京都市,1,,,1,,,1,,1,1155,,,,,
261009,315,宇津ふれあい会館,,,,,京都市右京区京北中地町蛸谷口23,,,,,,35.13895102,135.5914773,,(075)855-0001,,,,,,261009,京都府京都市,1,1,,1,,,1,,1,61,,,,,
261009,316,京都市市民スポーツ会館,,,,,京都市右京区西京極新明町32,,,,,,34.99501462,135.7155229,,(075)315-3741,,,,,,261009,京都府京都市,1,,,1,,,1,,1,864,,,,,
261009,317,京都市北部クリーンセンター関連施設(やまごえ温水プール),,,,,京都市右京区梅ケ畑向ノ地町27-1,,,,,,35.0320968,135.6963707,,(075)861-7647,,,,,,261009,京都府京都市,,1,,1,,,,,1,68,,,,,
261009,318,黒田基幹集落センター,,,,,京都市右京区京北宮町宮野80-1,,,,,,35.20420634,135.7196198,,(075)856-0001,,,,,,261009,京都府京都市,1,1,,1,,,1,,1,100,,,,,
261009,319,黒田トレーニングホール,,,,,京都市右京区京北宮町宮野80-1,,,,,,35.20420634,135.7196198,,(075)856-0001,,,,,,261009,京都府京都市,1,1,,1,,,1,,1,218,,,,,
261009,320,細野グリーン会館,,,,,京都市右京区京北細野町東ノ垣内10-1,,,,,,35.12380545,135.6417622,,(075)852-0457,,,,,,261009,京都府京都市,,1,,1,,,,,1,66,,,,,
261009,321,矢代多目的ホール,,,,,京都市右京区京北矢代中町馬場谷道ノ上29-12,,,,,,35.18154829,135.6003358,,(075)852-0604,,,,,,261009,京都府京都市,1,,,1,,,1,,1,61,,,,,
261009,322,弓削自治会館,,,,,京都市右京区京北下中町東石原8-2,,,,,,35.19705263,135.6393695,,(075)854-0001,,,,,,261009,京都府京都市,1,1,,1,,,1,,1,141,,,,,
261009,323,宇津コミュニティセンター,,,,,京都市右京区京北下宇津町宮ノ下14-2,,,,,,35.1460168,135.5786759,,(075)855-0175,,,,,,261009,京都府京都市,1,1,,1,,,1,,1,62,,,,,
261009,324,田貫公民館,,,,,京都市右京区京北田貫町檀町20,,,,,,35.20666189,135.6044332,,(075)854-0904,,,,,,261009,京都府京都市,1,,,1,,,1,,1,70,,,,,
261009,325,大覚寺(嵯峨寮、学院),,,,,京都市右京区嵯峨大沢町4,,,,,,35.02782759,135.6775468,,(075)871-0071,,,,,,261009,京都府京都市,1,1,,1,,,1,,1,389,,,,,
261009,326,仁和寺(御室会館),,,,,京都市右京区御室大内33,,,,,,35.0288058,135.7152022,,(075)464-3664,,,,,,261009,京都府京都市,1,1,,1,,,1,,1,255,,,,,
261009,327,妙心寺,,,,,京都市右京区花園妙心寺町64,,,,,,35.0231648,135.7200389,,(075)461-5226,,,,,,261009,京都府京都市,1,1,,1,,,1,,1,1282,,,,,
261009,328,山国自治会館,,,,,京都市右京区京北比賀江町院谷21,,,,,,35.18244648,135.6622147,,(075)853-0001,,,,,,261009,京都府京都市,1,,,1,,,1,,1,66,,,,,
261009,329,宕陰出張所,,,,,京都市右京区嵯峨樒原宮ノ上町2－5,,,,,,35.074931,135.610828,,0771-44-0314,,,,,,261009,京都府京都市,,1,,,,,,,,25,,,,,
261009,330,越畑自治会館,,,,,京都府京都市右京区嵯峨越畑中ノ町２３−１,,,,,,35.085613,135.612074,,,,,,,,261009,京都府京都市,,1,,,,,,,,25,,,,,
261009,331,京都市立川岡小学校,,,,,京都市西京区川島滑樋町14,,,,,,34.97563292,135.7036072,,(075)381-2032,,,,,,261009,京都府京都市,1,,,1,,,1,,1,1819,,,,,
261009,332,京都市立川岡東小学校,,,,,京都市西京区下津林東大般若町44,,,,,,34.975819,135.7150034,,(075)392-8820,,,,,,261009,京都府京都市,1,,,1,,,1,,1,1389,,,,,
261009,333,京都市立樫原小学校,,,,,京都市西京区樫原三宅町24,,,,,,34.9724729,135.6972724,,(075)391-5683,,,,,,261009,京都府京都市,1,1,,1,,,1,,1,2392,,,,,
261009,334,京都市立松尾小学校,,,,,京都市西京区松尾井戸町32,,,,,,34.99258154,135.6894141,,(075)391-0221,,,,,,261009,京都府京都市,1,1,,1,,,1,,1,1724,,,,,
261009,335,京都市立嵐山東小学校,,,,,京都市西京区嵐山東海道町46,,,,,,35.0074608,135.6864167,,(075)881-5120,,,,,,261009,京都府京都市,1,1,,1,,,1,,1,1656,,,,,
261009,336,京都市立松陽小学校,,,,,京都市西京区御陵北山下町15,,,,,,34.98181851,135.6892224,,(075)391-3583,,,,,,261009,京都府京都市,,1,,1,,,,,1,1510,,,,,
261009,337,京都市立桂小学校,,,,,京都市西京区桂巽町75-5,,,,,,34.98277678,135.700402,,(075)391-1331,,,,,,261009,京都府京都市,1,,,1,,,1,,1,1998,,,,,
261009,338,京都市立桂徳小学校,,,,,京都市西京区桂徳大寺南町2,,,,,,34.9890318,135.7059237,,(075)381-7037,,,,,,261009,京都府京都市,1,,,1,,,1,,1,1407,,,,,
261009,339,京都市立桂川小学校,,,,,京都市西京区桂上野西町274,,,,,,34.99513685,135.6997659,,(075)392-0890,,,,,,261009,京都府京都市,1,,,1,,,1,,1,1789,,,,,
261009,340,京都市立桂東小学校,,,,,京都市西京区桂市ノ前町31,,,,,,34.97754664,135.7077513,,(075)381-2415,,,,,,261009,京都府京都市,1,,,1,,,1,,1,1493,,,,,
261009,341,京都市立大枝小学校,,,,,京都市西京区大枝塚原町4-44,,,,,,34.97369411,135.6724014,,(075)331-0330,,,,,,261009,京都府京都市,1,1,,1,,,1,,1,1884,,,,,
261009,342,京都市立桂坂小学校,,,,,京都市西京区御陵大枝山町二丁目1-52,,,,,,34.98619282,135.663824,,(075)333-1101,,,,,,261009,京都府京都市,,1,,1,,,,,1,2203,,,,,
261009,343,京都市立新林小学校,,,,,京都市西京区大枝西新林町四丁目4,,,,,,34.96862514,135.6697181,,(075)331-5811,,,,,,261009,京都府京都市,,1,,1,,,,,1,1823,,,,,
261009,344,京都市立境谷小学校,,,,,京都市西京区大原野西境谷町三丁目5,,,,,,34.9628257,135.670929,,(075)331-7423,,,,,,261009,京都府京都市,1,,,1,,,1,,1,1715,,,,,
261009,345,京都市立竹の里小学校,,,,,京都市西京区大原野東竹の里町四丁目1,,,,,,34.95748455,135.6762063,,(075)332-3745,,,,,,261009,京都府京都市,1,,,1,,,1,,1,1956,,,,,
261009,346,京都市立上里小学校,,,,,京都市西京区大原野上里南ノ町300,,,,,,34.95264887,135.6847222,,(075)333-2002,,,,,,261009,京都府京都市,1,1,,1,,,1,,1,1694,,,,,
261009,347,京都市立大原野小学校,,,,,京都市西京区大原野灰方町439,,,,,,34.95364025,135.6667986,,(075)331-0005,,,,,,261009,京都府京都市,1,1,,1,,,1,,1,1737,,,,,
261009,348,京都市立桂中学校,,,,,京都市西京区上桂森上町26,,,,,,34.98823744,135.6940415,,(075)392-7200,,,,,,261009,京都府京都市,1,,,1,,,1,,1,2498,,,,,
261009,349,京都市立松尾中学校,,,,,京都市西京区松室中溝町101,,,,,,34.99680341,135.6909778,,(075)391-9622,,,,,,261009,京都府京都市,1,1,,1,,,1,,1,2083,,,,,
261009,350,京都市立桂川中学校,,,,,京都市西京区下津林東大般若町43,,,,,,34.97606342,135.7146646,,(075)392-9229,,,,,,261009,京都府京都市,1,,,1,,,1,,1,2238,,,,,
261009,351,京都市立樫原中学校,,,,,京都市西京区樫原蛸田町11,,,,,,34.97664395,135.6906556,,(075)392-6630,,,,,,261009,京都府京都市,1,1,,1,,,1,,1,2047,,,,,
261009,352,京都市立大枝中学校,,,,,京都市西京区御陵大枝山町二丁目1-91,,,,,,34.98842599,135.6645322,,(075)333-1112,,,,,,261009,京都府京都市,,,,1,,,,,1,2496,,,,,
261009,353,京都市立洛西中学校,,,,,京都市西京区大原野西境谷町二丁目8,,,,,,34.96358401,135.6712734,,(075)331-6131,,,,,,261009,京都府京都市,,,,1,,,,,1,2587,,,,,
261009,354,京都市立西陵中学校,,,,,京都市西京区大枝南福西町一丁目3,,,,,,34.95898721,135.6828614,,(075)332-0671,,,,,,261009,京都府京都市,1,1,,1,,,1,,1,2584,,,,,
261009,355,京都市立大原野中学校,,,,,京都市西京区大原野上里南ノ町18,,,,,,34.9525905,135.6777061,,(075)333-3207,,,,,,261009,京都府京都市,1,,,1,,,1,,1,2093,,,,,
261009,356,京都府立桂高等学校,,,,,京都市西京区川島松ノ木本町27,,,,,,34.97256651,135.705407,,(075)391-2151,,,,,,261009,京都府京都市,1,,,1,,,1,,1,876,,,,,
261009,357,京都府立洛西高等学校,,,,,京都市西京区大原野西境谷町１丁目12-1・2,,,,,,34.96255901,135.6672099,,(075)332-0555,,,,,,261009,京都府京都市,,,,1,,,,,1,659,,,,,
261009,358,京都成章高等学校,,,,,京都市西京区大枝沓掛町26,,,,,,34.9816041,135.6533496,,(075)332-4830,,,,,,261009,京都府京都市,,,,1,,,,,1,793,,,,,
261009,359,京都明徳高等学校,,,,,京都市西京区大枝東長町3-8,,,,,,34.96991119,135.6798258,,(075)331-3361,,,,,,261009,京都府京都市,1,,,1,,,1,,1,847,,,,,
261009,360,京都経済短期大学,,,,,京都市西京区大枝東長町3-1,,,,,,34.97117218,135.6794842,,(075)331-3159,,,,,,261009,京都府京都市,,,,1,,,,,1,432,,,,,
261009,361,京都市立西総合支援学校,,,,,京都市西京区大枝北沓掛町一丁目21-21,,,,,,34.98895074,135.6544297,,(075)332-4275,,,,,,261009,京都府京都市,,,,1,,,,,1,2208,,,,,
261009,362,京都市桂川地域体育館,,,,,京都市西京区上桂今井町131,,,,,,34.9961201,135.6978244,,(075)392-6573,,,,,,261009,京都府京都市,,,,1,,,,,1,382,,,,,
261009,363,京都市西文化会館ウエスティ,,,,,京都市西京区上桂森下町31-1,,,,,,34.98501548,135.694147,,(075)394-2005,,,,,,261009,京都府京都市,1,,,1,,,1,,1,180,,,,,
261009,364,関西電力送配電東部基幹制御所,,,,,京都市西京区大原野外畑町85,,,,,,34.96869,135.6216,,(075)331-0615,,,,,,261009,京都府京都市,,1,,,,,,,,20,,,,,
261009,365,法輪寺,,,,,京都市西京区嵐山虚空蔵山町68-3,,,,,,35.01023829,135.6769755,,(075)861-0069,,,,,,261009,京都府京都市,1,,,1,,,1,,1,31,,,,,
261009,366,京都市立伏見板橋小学校,,,,,京都市伏見区下板橋町610,,,,,,34.9388251,135.7615554,,(075)611-5158,,,,,,261009,京都府京都市,1,,,1,,,1,,1,1644,,,,,
261009,367,京都市立伏見南浜小学校,,,,,京都市伏見区丹後町142,,,,,,34.92851602,135.7626761,,(075)611-0091,,,,,,261009,京都府京都市,1,,,1,,,1,,1,2133,,,,,
261009,368,京都市立伏見住吉小学校,,,,,京都市伏見区住吉町455,,,,,,34.94378665,135.7625406,,(075)611-5243,,,,,,261009,京都府京都市,1,,,1,,,1,,1,1272,,,,,
261009,369,京都市立深草小学校,,,,,京都市伏見区深草西伊達町82-3,,,,,,34.9560833,135.7720152,,(075)641-0951,,,,,,261009,京都府京都市,1,1,,1,,,1,,1,2861,,,,,
261009,370,京都市立稲荷小学校,,,,,京都市伏見区深草開土町12-1,,,,,,34.96932331,135.7715767,,(075)641-0057,,,,,,261009,京都府京都市,,1,,1,,,,,1,1155,,,,,
261009,371,京都市立藤ノ森小学校,,,,,京都市伏見区深草石橋町11-2,,,,,,34.94883643,135.7708872,,(075)641-6305,,,,,,261009,京都府京都市,1,1,,1,,,1,,1,2179,,,,,
261009,372,京都市立藤城小学校,,,,,京都市伏見区深草大亀谷五郎太町37,,,,,,34.94191216,135.7760557,,(075)621-5580,,,,,,261009,京都府京都市,,1,,1,,,,,1,1702,,,,,
261009,373,京都市立砂川小学校,,,,,京都市伏見区深草ケナサ町25-5,,,,,,34.96426266,135.7691546,,(075)641-7118,,,,,,261009,京都府京都市,1,,,1,,,1,,1,2130,,,,,
261009,374,京都市立竹田小学校,,,,,京都市伏見区竹田桶ノ井町8-2,,,,,,34.95529103,135.7572113,,(075)641-6278,,,,,,261009,京都府京都市,1,,,1,,,1,,1,1584,,,,,
261009,375,京都市立桃山小学校,,,,,京都市伏見区桃山町本多上野107,,,,,,34.93287685,135.7752055,,(075)601-7286,,,,,,261009,京都府京都市,1,1,,1,,,1,,1,1616,,,,,
261009,376,京都市立桃山東小学校,,,,,京都市伏見区桃山町伊庭12,,,,,,34.93546312,135.7869129,,(075)621-1411,,,,,,261009,京都府京都市,1,1,,1,,,1,,1,1619,,,,,
261009,377,京都市立桃山南小学校,,,,,京都市伏見区桃山町大島38-109,,,,,,34.92620847,135.7881043,,(075)621-6841,,,,,,261009,京都府京都市,1,,,1,,,1,,1,1808,,,,,
261009,378,京都市立下鳥羽小学校,,,,,京都市伏見区下鳥羽長田町203,,,,,,34.93937794,135.7439974,,(075)611-0357,,,,,,261009,京都府京都市,1,,,1,,,1,,1,1496,,,,,
261009,379,京都市立横大路小学校,,,,,京都市伏見区横大路草津町54-1,,,,,,34.92812975,135.7343314,,(075)601-0356,,,,,,261009,京都府京都市,1,,,1,,,1,,1,958,,,,,
261009,380,京都市立納所小学校,,,,,京都市伏見区納所妙徳寺1,,,,,,34.9097727,135.719482,,(075)631-2032,,,,,,261009,京都府京都市,1,,,1,,,1,,1,1581,,,,,
261009,381,京都市立向島小学校,,,,,京都市伏見区向島善阿弥町2-3,,,,,,34.92652744,135.7707975,,(075)601-8221,,,,,,261009,京都府京都市,1,,,1,,,1,,1,1696,,,,,
261009,382,京都市立向島藤の木小学校,,,,,京都市伏見区向島藤ノ木町82-5,,,,,,34.92033383,135.77998,,(075)623-0046,,,,,,261009,京都府京都市,1,,,1,,,1,,1,1858,,,,,
261009,383,元京都市立向島南小学校,,,,,京都市伏見区向島津田町95-1,,,,,,34.92343885,135.7654813,,(075)602-2824,,,,,,261009,京都府京都市,1,,,1,,,1,,1,825,,,,,
261009,384,京都市立向島秀蓮小中学校,,,,,京都府京都市伏見区向島二ノ丸町151-28,,,,,,34.91892548,135.7691698,,-,,,,,,261009,京都府京都市,1,,,1,,,1,,1,5121,,,,,
261009,385,京都市立醍醐小学校,,,,,京都市伏見区醍醐東大路町31-1,,,,,,34.95001278,135.8177685,,(075)571-0001,,,,,,261009,京都府京都市,,1,,1,,,,,1,1348,,,,,
261009,386,京都市立小栗栖宮山小学校,,,,,京都市伏見区小栗栖宮山1-1,,,,,,34.94568212,135.7992453,,(075)572-5216,,,,,,261009,京都府京都市,1,,,1,,,1,,1,1556,,,,,
261009,387,京都市立池田小学校,,,,,京都市伏見区醍醐鍵尾町17,,,,,,34.94562961,135.80795,,(075)571-6872,,,,,,261009,京都府京都市,1,1,,1,,,1,,1,1819,,,,,
261009,388,京都市立池田東小学校,,,,,京都市伏見区醍醐多近田町2-2,,,,,,34.94487146,135.8126607,,(075)572-4505,,,,,,261009,京都府京都市,1,,,1,,,1,,1,1458,,,,,
261009,389,京都市立春日野小学校,,,,,京都市伏見区日野田中町31,,,,,,34.93959411,135.8120524,,(075)571-5550,,,,,,261009,京都府京都市,1,1,,1,,,1,,1,1831,,,,,
261009,390,京都市立日野小学校,,,,,京都市伏見区日野谷寺町78,,,,,,34.93826654,135.8162493,,(075)573-1567,,,,,,261009,京都府京都市,,1,,1,,,,,1,1628,,,,,
261009,391,京都市立石田小学校,,,,,京都市伏見区石田森西24,,,,,,34.94072982,135.8010368,,(075)572-1411,,,,,,261009,京都府京都市,1,,,1,,,1,,1,1274,,,,,
261009,392,京都市立醍醐西小学校,,,,,京都市伏見区醍醐川久保町1,,,,,,34.95319016,135.8120302,,(075)571-0221,,,,,,261009,京都府京都市,1,1,,1,,,1,,1,1566,,,,,
261009,393,京都市立北醍醐小学校,,,,,京都市伏見区醍醐片山町11,,,,,,34.95708721,135.8221152,,(075)572-5353,,,,,,261009,京都府京都市,,,,1,,,,,1,1185,,,,,
261009,394,京都市立神川小学校,,,,,京都市伏見区久我東町60-2,,,,,,34.93892738,135.7326174,,(075)921-0154,,,,,,261009,京都府京都市,1,,,1,,,1,,1,2476,,,,,
261009,395,京都市立久我の杜小学校,,,,,京都市伏見区久我東町209,,,,,,34.93370059,135.7293899,,(075)935-0157,,,,,,261009,京都府京都市,1,,,1,,,1,,1,2054,,,,,
261009,396,京都市立羽束師小学校,,,,,京都市伏見区羽束師菱川町640,,,,,,34.93326752,135.7224072,,(075)934-1501,,,,,,261009,京都府京都市,1,,,1,,,1,,1,1901,,,,,
261009,397,京都市立明親小学校,,,,,京都市伏見区淀池上町106,,,,,,34.90369909,135.7216698,,(075)631-2077,,,,,,261009,京都府京都市,1,,,1,,,1,,1,1738,,,,,
261009,398,京都市立美豆小学校,,,,,京都市伏見区淀美豆町1244,,,,,,34.89675523,135.7130827,,(075)631-7161,,,,,,261009,京都府京都市,1,,,1,,,1,,1,1725,,,,,
261009,399,京都教育大学附属桃山小学校,,,,,京都市伏見区桃山筒井伊賀東町46,,,,,,34.93900105,135.7666565,,(075)611-0138,,,,,,261009,京都府京都市,,,,1,,,,,1,444,,,,,
261009,400,京都市立深草中学校,,,,,京都市伏見区深草西伊達町1-4,,,,,,34.95712748,135.7751926,,(075)641-6522,,,,,,261009,京都府京都市,1,1,,1,,,1,,1,2288,,,,,
261009,401,京都市立藤森中学校,,,,,京都市伏見区深草池ノ内町55,,,,,,34.95586899,135.7651521,,(075)641-5227,,,,,,261009,京都府京都市,1,,,1,,,1,,1,3738,,,,,
261009,402,京都市立桃山中学校,,,,,京都市伏見区桃山水野左近東町19,,,,,,34.94228971,135.7691009,,(075)611-0268,,,,,,261009,京都府京都市,,,,1,,,,,1,2274,,,,,
261009,403,京都市立伏見中学校,,,,,京都市伏見区御駕籠町97,,,,,,34.93784272,135.7604655,,(075)611-5161,,,,,,261009,京都府京都市,1,,,1,,,1,,1,2115,,,,,
261009,404,京都市立神川中学校,,,,,京都市伏見区羽束師菱川町741,,,,,,34.93245932,135.7220712,,(075)934-1505,,,,,,261009,京都府京都市,1,,,1,,,1,,1,3383,,,,,
261009,405,京都市立醍醐中学校,,,,,京都市伏見区醍醐岸ノ上町21,,,,,,34.94366884,135.8153216,,(075)571-0065,,,,,,261009,京都府京都市,,,,1,,,,,1,1684,,,,,
261009,406,京都市立春日丘中学校,,,,,京都市伏見区日野谷寺町50,,,,,,34.93897764,135.8184658,,(075)571-4969,,,,,,261009,京都府京都市,1,,,1,,,1,,1,2537,,,,,
261009,407,京都市立小栗栖中学校,,,,,京都市伏見区石田川向43,,,,,,34.94156022,135.798087,,(075)572-3135,,,,,,261009,京都府京都市,1,1,,1,,,1,,1,1972,,,,,
261009,408,京都市立栗陵中学校,,,,,京都市伏見区醍醐池田町17-1,,,,,,34.94660174,135.8077973,,(075)571-7631,,,,,,261009,京都府京都市,1,1,,1,,,1,,1,2113,,,,,
261009,409,京都市立桃陵中学校,,,,,京都市伏見区桃陵町1-1,,,,,,34.92851884,135.7663785,,(075)611-3241,,,,,,261009,京都府京都市,1,,,1,,,1,,1,2129,,,,,
261009,410,京都市立向島東中学校,,,,,京都市伏見区向島吹田河原町138,,,,,,34.92563325,135.7778607,,(075)601-7932,,,,,,261009,京都府京都市,1,,,1,,,1,,1,1837,,,,,
261009,411,京都市立洛水中学校,,,,,京都市伏見区横大路竜ケ池31,,,,,,34.92047036,135.7301681,,(075)602-3261,,,,,,261009,京都府京都市,1,,,1,,,1,,1,1908,,,,,
261009,412,京都市立大淀中学校,,,,,京都市伏見区淀下津町257-7,,,,,,34.90208825,135.723617,,(075)631-7211,,,,,,261009,京都府京都市,1,,,1,,,1,,1,1968,,,,,
261009,413,京都教育大学附属桃山中学校,,,,,京都市伏見区桃山井伊掃部東町16,,,,,,34.94042594,135.767451,,(075)611-0264,,,,,,261009,京都府京都市,,,,1,,,,,1,583,,,,,
261009,414,京都橘中学校・高等学校,,,,,京都市伏見区桃山町伊賀50,,,,,,34.93233816,135.779444,,(075)623-0066,,,,,,261009,京都府京都市,1,1,,1,,,1,,1,471,,,,,
261009,415,京都市立京都奏和高等学校,,,,,京都市伏見区深草鈴塚町13,,,,,,34.96985916,135.7655329,,(075)641-5121,,,,,,261009,京都府京都市,1,,,1,,,1,,1,2358,,,,,
261009,416,京都府立桃山高等学校,,,,,京都市伏見区桃山毛利長門東町8,,,,,,34.93682351,135.7699838,,(075)601-8387,,,,,,261009,京都府京都市,1,1,,1,,,1,,1,712,,,,,
261009,417,京都府立東稜高等学校,,,,,京都市伏見区醍醐新町裏町25-1,,,,,,34.95547063,135.8182712,,(075)572-2323,,,,,,261009,京都府京都市,,1,,1,,,,,1,761,,,,,
261009,418,京都府立洛水高等学校,,,,,京都市伏見区横大路向ヒ18,,,,,,34.9237587,135.7338595,,(075)621-6330,,,,,,261009,京都府京都市,1,,,1,,,1,,1,670,,,,,
261009,419,京都府立京都すばる高等学校,,,,,京都市伏見区向島西定請120,,,,,,34.91267889,135.764698,,(075)621-4788,,,,,,261009,京都府京都市,1,,,1,,,1,,1,586,,,,,
261009,420,京都教育大学附属高等学校,,,,,京都市伏見区深草越後屋敷町111,,,,,,34.95083614,135.7652825,,(075)641-9195,,,,,,261009,京都府京都市,1,,,1,,,1,,1,478,,,,,
261009,421,国立大学法人京都教育大学,,,,,京都市伏見区深草藤森町1,,,,,,34.95021415,135.7731898,,(075)644-8106,,,,,,261009,京都府京都市,,,,1,,,,,1,1024,,,,,
261009,422,種智院大学,,,,,京都市伏見区向島西定請70,,,,,,34.91381489,135.7657896,,(075)604-5600,,,,,,261009,京都府京都市,1,,,1,,,1,,1,297,,,,,
261009,423,学校法人聖母女学院,,,,,京都市伏見区深草田谷町1,,,,,,34.9585692,135.7723741,,(075)641-0507,,,,,,261009,京都府京都市,,,,1,,,,,1,473,,,,,
261009,424,学校法人龍谷大学,,,,,京都市伏見区深草塚本町67,,,,,,34.96398488,135.7679131,,(075)642-1111,,,,,,261009,京都府京都市,1,,,1,,,1,,1,670,,,,,
261009,425,京都市立呉竹総合支援学校,,,,,京都市伏見区桃山福島太夫北町52,,,,,,34.93905944,135.7700923,,(075)601-9104,,,,,,261009,京都府京都市,,,,1,,,,,1,1376,,,,,
261009,426,京都市立桃陽総合支援学校,,,,,京都市伏見区深草大亀谷岩山町48-1,,,,,,34.94246535,135.7889796,,(075)641-2634,,,,,,261009,京都府京都市,,,,1,,,,,1,828,,,,,
261009,427,京都教育大学附属特別支援学校,,,,,京都市伏見区深草大亀谷大山町90,,,,,,34.9469042,135.7826709,,(075)641-3531,,,,,,261009,京都府京都市,,,,1,,,,,1,229,,,,,
261009,428,北城堀センター,,,,,京都市伏見区納所北城堀10-1,,,,,,34.91078177,135.7202789,,,,,,,,261009,京都府京都市,,,,1,,,,,1,51,,,,,
261009,429,京都市呉竹文化センター,,,,,京都市伏見区京町南七丁目35-1,,,,,,34.93832885,135.7646373,,(075)603-2463,,,,,,261009,京都府京都市,,,,1,,,,,1,218,,,,,
261009,430,伏見北堀公園地域体育館,,,,,京都市伏見区深草大亀谷五郎太町23,,,,,,34.94151225,135.7776833,,(075)601-0700,,,,,,261009,京都府京都市,,,,1,,,,,1,520,,,,,
261009,431,京都府立伏見港公園総合体育館,,,,,京都市伏見区葭島金井戸町,,,,,,34.9252978,135.7578535,,(075)611-7081,,,,,,261009,京都府京都市,1,,,1,,,1,,1,713,,,,,
261009,432,京都府立消防学校,,,,,京都府八幡市八幡樋ノ口15-15,,,,,,34.88826233,135.7211184,,(075)631-8008,,,,,,261009,京都府京都市,1,,,1,,,1,,1,239,,,,,
261009,433,納所会館,,,,,京都市伏見区納所妙徳寺1,,,,,,34.909238,135.7189845,,(075)631-6838,,,,,,261009,京都府京都市,,,,1,,,,,1,145,,,,,
261009,434,天理教淀分教会,,,,,京都市伏見区納所町223,,,,,,34.90872629,135.7179346,,(075)631-2134,,,,,,261009,京都府京都市,1,,,1,,,1,,1,113,,,,,
261009,435,京都市立京都工学院高等学校,,,,,京都市伏見区深草西出山町23,,,,,,34.962057,135.778341,,(075)646-1515,,,,,,261009,京都府京都市,,,,1,,,,,1,5451,,,,,
261009,436,京都拘置所,,,,,京都市伏見区竹田向代町138,,,,,,34.965398,135.754962,,(075)681-0501,,,,,,261009,京都府京都市,1,,,1,,,1,,1,185,,,,,
261009,437,妙福寺,,,,,京都市伏見区柿木浜町423,,,,,,34.927809,135.76384,,(075)601-3588,,,,,,261009,京都府京都市,1,,,1,,,1,,1,132,,,,,
261009,438,横大路運動公園体育館,,,,,京都市伏見区横大路下ノ坪1,,,,,,34.9152306,135.73287,,(075)611-9796,,,,,,261009,京都府京都市,1,,,,,,1,,,1030,,,,,
261009,439,京都市南部クリーンセンター,,,,,京都市伏見区横大路八反田29,,,,,,34.917297,135.734592,,(075)611-5362,,,,,,261009,京都府京都市,1,,,,,,1,,,770,,,,,
261009,440,京都市伏見北部地域体育館,,,,,京都市伏見区竹田醍醐田町17-6,,,,,,34.9502565,135.7579332,,(075)643-7573,,,,,,261009,京都府京都市,1,,,1,,,1,,1,240,,,,,
