NO,共通ID,施設・場所名,住所,指定緊急避難場所との住所同一,その他市町村長が必要と認める事項,受入対象者,緯度,経度,備考
1,E2934500003121,老人総合福祉施設あくなみ苑,奈良県安堵町大字岡崎33-1,,,要配慮者,34.608440839509,135.76743452357,
2,E2934500009111,安堵町立安堵中学校,奈良県安堵町大字窪田465-1,,,,34.598236355079,135.75864151032,
3,E2934500010111,安堵中央公園体育館,奈良県安堵町大字窪田628-1,1,,,34.597519821893,135.75749193201,
4,E2934500017111,安堵町文化観光館「四弁花」,奈良県安堵町大字東安堵1352-1,,,,34.604467167197,135.75756548153,
5,E2934500018111,安堵町立安堵小学校,奈良県安堵町大字東安堵1469-3,,,,34.603031041875,135.7559143606,
6,E2934500019111,安堵町交流館なでしこ,奈良県安堵町大字東安堵165-1,,,,34.617250256076,135.75761561285,
7,E2934500021121,特別養護老人ホームもちの木,奈良県安堵町大字東安堵218-1,,,要配慮者,34.615593153417,135.75857250499,
8,E2934500023111,総合センター「ひびき」,奈良県安堵町大字東安堵557-1,,,,34.610652824625,135.7573869686,
9,E2934500025111,安堵こども園,奈良県安堵町大字東安堵785,,,,34.608673622792,135.75414538624,
10,E2934500026111,安堵町福祉保健センター,奈良県安堵町大字東安堵853,,,,34.606893046707,135.75457235907,
11,E2934500027111,トーク安堵カルチャーセンター,奈良県安堵町大字東安堵879,,,,34.60666779996,135.75390487176,
12,E2921200007111,西谷地区公民館,奈良県宇陀市室生西谷286,,,,34.568007907635,136.05179298021,
13,E2921200008111,多田地区公民館,奈良県宇陀市室生多田415,,,,34.595141312494,135.98146744662,
14,E2921200010111,室生中学校,奈良県宇陀市室生大野1962,,,,34.563597706226,136.01214615036,
15,E2921200012111,室生人権交流センター・室生北児童館,奈良県宇陀市室生無山727-2,1,,,34.587479065661,135.97339983463,
16,E2921200015111,宇陀高等学校（榛原学舎）,奈良県宇陀市榛原下井足210,,,,34.524502979764,135.95594942288,
17,E2921200016111,農林会館,奈良県宇陀市榛原下井足825,,,,34.520879265303,135.94803355215,
18,E2921200045111,伊那佐地区体育館,奈良県宇陀市榛原山路491,,,,34.495106,135.957707,
19,E2921200028111,宇陀市文化会館,奈良県宇陀市大宇陀拾生89,1,,,34.475273850972,135.93243122439,
20,E2921200029111,大宇陀人権交流センター,奈良県宇陀市大宇陀小附1002,1,,,34.492842817504,135.92933028483,
21,E2921200031111,日本教育学院高等学校（旧田原小学校）,奈良県宇陀市大宇陀田原727,1,,,34.445227210865,135.95374167379,
22,E2921200043111,宇陀高校（大宇陀学舎）,奈良県宇陀市大宇陀迫間63-2,,,,34.481187,135.92938,
23,E2921200036111,菟田野中学校,奈良県宇陀市菟田野古市場1220,1,,,34.473234406995,135.96878386854,
24,E2921200037111,宇陀市人権交流センター,奈良県宇陀市菟田野古市場1401-1,1,,,34.475310803246,135.96451157791,
25,E2942500001111,王寺アリーナ,奈良県王寺町王寺1-1-1,1,,,34.59419109,135.7074478,
26,E2942500002111,やわらぎ会館,奈良県王寺町王寺2-1-18,1,,,34.594847511469,135.70604723182,
27,E2942500003111,大和大学白鳳短期大学部,奈良県王寺町葛下1-7-17,1,,,34.59017836529,135.71328953504,
28,E2942500004111,地域交流センター,奈良県王寺町久度2-2-1-501,1,,,34.598075478884,135.70495943028,
29,E2942500017111,王寺北幼稚園,奈良県王寺町舟戸3-7-10,1,,,34.590837,135.713241,
30,E2942500007111,王寺南義務教育学校　太子学舎（体育館）,奈良県王寺町太子2-1-30,1,,,34.581925876201,135.69238997258,
31,E2942500008111,藤井公民館,奈良県王寺町藤井2-216-4,,,,34.584658999174,135.68385718308,
32,E2942500009111,王寺南義務教育学校　畠田学舎（体育館）,奈良県王寺町畠田9-1703,1,,,34.572786576705,135.69458364034,
33,E2942500010121,文化福祉センター,奈良県王寺町畠田9-1708,,,要配慮者,34.573157486635,135.69605884025,
34,E2942500011111,王寺北義務教育学校（体育館）,奈良県王寺町本町1-20-45,1,,,34.59406678014,135.70318871975,
35,E2942500013111,王寺工業高等学校,奈良県王寺町本町3-6-1,,,,34.591493135318,135.70188906075,
36,E2942500014111,王寺町防災コミュニティセンター,奈良県王寺町本町4-645-1,1,,,34.582164209391,135.70213529976,
37,E2944300003111,コミュニティーセンター（阿知賀）,奈良県下市町大字阿知賀1821,,,,34.380381194913,135.79938117816,
38,E2944300005111,瀬ノ上会館,奈良県下市町大字阿知賀2660-2,,,,34.384141219818,135.80837783844,
39,E2944300010111,下市集学校,奈良県下市町大字下市1818,,,,34.36444891039,135.79066829504,
40,E2944300011111,農村環境改善センター,奈良県下市町大字下市1960,,,,34.360680442025,135.79136718512,
41,E2944300011112,下市町役場,奈良県下市町大字下市1960,,,,34.360953060801,135.79181712576,
42,E2944300012111,総合体育館,奈良県下市町大字下市2227,,,,34.365879234545,135.78702420774,
43,E2944300014111,下市こども園,奈良県下市町大字下市2450,1,,,34.366450458254,135.7865796983,
44,E2944300016111,第２老人憩いの家,奈良県下市町大字下市2781-1,,,,34.375753397285,135.78746529961,
45,E2944300020111,下市観光文化センター,奈良県下市町大字下市3071,1,,,34.367186298775,135.79067751045,
46,E2944300026111,コミュニティー防災センター（本町）,奈良県下市町大字下市48-1,,,,34.375296027578,135.7880079445,
47,E2944300035111,貝原生活改善センター,奈良県下市町大字貝原537,,,,34.293871103986,135.78601134178,
48,E2944300036111,原谷地区農村集落センター,奈良県下市町大字原谷857-1,,,,34.343245322938,135.80016089396,
49,E2944300042111,黒木交流センター,奈良県下市町大字黒木199-1,,,,34.303143660164,135.79719858437,
50,E2944300043111,才谷区自治会集会所,奈良県下市町大字才谷232-1,,,,34.346069,135.848699,
51,E2944300044111,旧才谷小学校,奈良県下市町大字才谷480-1,,,,34.349524403575,135.84776704904,
52,E2944300049111,コミュニティ体育館（西山）,奈良県下市町大字西山118-1,,,,34.300654001453,135.79227224727,
53,E2944300051111,西山生活改善センター,奈良県下市町大字西山597-1,,,,34.295100394993,135.78549952616,
54,E2944300052111,交流センター（ごんたくんの家）,奈良県下市町大字善城140-1,1,,,34.35981584315,135.79359555814,
55,E2944300055111,旧丹生小学校,奈良県下市町大字谷18,,,,34.3082660616,135.801210829,
56,E2944300058111,柿の里ホール,奈良県下市町大字栃原1222-29,1,,,34.35387408,135.785817797,
57,E2944300060111,栃本コミュニティーセンター,奈良県下市町大字栃本354,,,,34.338004199527,135.80535550709,
58,E2944300061111,平原会館,奈良県下市町大字平原477-1,1,,,34.331237792366,135.77709389105,
59,E2944300062111,梨子堂会館,奈良県下市町大字梨子堂317,1,,,34.335164573466,135.79310470851,
60,E2944300063111,立石区民センター,奈良県下市町大字立石260-1,,,,34.35700071284,135.82769723067,
61,E2944300066111,下市温泉,奈良県下市町大字伃邑2189,,,,34.352553060905,135.8079533054,
62,E2944300067111,岩森会館,奈良県下市町大字伃邑47-1,1,,,34.354013063204,135.80662829413,
63,E2944300068111,農村コミュニティー体育センター,奈良県下市町大字伃邑619,1,,,34.353804914761,135.80681068433,
64,E2945000001122,高齢者支援ハウスいこいの郷,奈良県下北山村浦向371,,,要配慮者,34.000793389255,135.95623318532,
65,E2945000001121,いこいの郷デイサービスセンター,奈良県下北山村浦向371,,,要配慮者,34.000504315524,135.95666502097,
66,E2945000003111,浦向生活改善センター,奈良県下北山村浦向68,1,,,34.00190841843,135.95504831815,
67,E2945000004111,小井公民館,奈良県下北山村下桑原365,1,,,34.02276862007,135.97573825088,
68,E2945000005111,大里生活改善センター,奈良県下北山村下桑原46,1,,,34.012553746916,135.97951947879,
69,E2945000006111,大小井交流会館ふるさと,奈良県下北山村下桑原560-1,1,,,34.028095595245,135.97162774956,
70,E2945000009111,佐田公民館,奈良県下北山村佐田432-1,1,,,34.004884903395,135.96738225529,
71,E2945000011111,旧下北山小学校体育館,奈良県下北山村寺垣内1002,1,,,34.004645,135.953786,
72,E2945000012111,寺垣内コミュニティセンター,奈良県下北山村寺垣内807-1,1,,,34.005866231926,135.95278533292,
73,E2945000015111,桑原公民館,奈良県下北山村上桑原440,1,,,34.005350544143,135.97965677765,
74,E2945000017111,池原公民館,奈良県下北山村上池原633,1,,,34.037946166,135.961979113,
75,E2945000018111,池峰公民館,奈良県下北山村池峰371-1,1,,,34.0261883298,135.956217969,
76,E2942700003111,久美ケ丘集会所,奈良県河合町久美ケ丘2-30-4,,,,34.576049313329,135.72978772119,
77,E2942700004111,穴闇世代間交流センター,奈良県河合町穴闇12,,,,34.582356328637,135.73934292318,
78,E2942700073111,河合町立北体育館,奈良県河合町穴闇132-3,,,,34.58506,135.737015,
79,E2942700014111,広瀬台集会所,奈良県河合町広瀬台1-7,,,,34.586364277971,135.72740139921,
80,E2942700021111,河合町文化会館,奈良県河合町高塚台1-8-3,,,,34.580329905663,135.72265723179,
81,E2942700027111,高塚台２丁目集会所,奈良県河合町高塚台2-35-3,,,,34.582351194016,135.72643614506,
82,E2942700028111,高塚台集会所,奈良県河合町高塚台3-15,1,,,34.579261760379,135.72641289849,
83,E2942700029113,河合町立体育館,奈良県河合町高塚台3-4-2,1,,,34.580282,135.727906,
84,E2942700029112,河合町立公民館,奈良県河合町高塚台3-4-2,1,,,34.580388,135.727273,
85,E2942700031111,佐味田集会所,奈良県河合町佐味田588,,,,34.565918594099,135.73248015428,
86,E2942700033121,河合町総合福祉会館,奈良県河合町山坊24-3,,,要配慮者,34.574750865537,135.73601553771,
87,E2942700034111,山坊集会所,奈良県河合町山坊539-2,,,,34.574368572254,135.73324324926,
88,E2942700037111,星和台集会所,奈良県河合町星和台2-27-2,,,,34.585311587303,135.71303133775,
89,E2942700038111,河合第二小学校,奈良県河合町星和台2-7-1,1,,,34.584600802234,135.71574757663,
90,E2942700039111,河合第二中学校,奈良県河合町星和台2-7-2,1,,,34.583363064193,135.71572287828,
91,E2942700045111,西穴闇中集会所,奈良県河合町西穴闇396-3,,,,34.586370611579,135.73630326552,
92,E2942700047111,市場集会所,奈良県河合町川合614-1,,,,34.59001457236,135.74620342521,
93,E2942700048111,城古集会所,奈良県河合町川合909-1,,,,34.587604023075,135.7444631709,
94,E2942700054111,泉台集会所,奈良県河合町泉台3-3-2,,,,34.589580733867,135.73530888123,
95,E2942700056111,大城世代間交流センター,奈良県河合町大輪田1711,,,,34.589148100295,135.72388600132,
96,E2942700057111,河合第一中学校,奈良県河合町池部1-13-1,1,,,34.580511728389,135.73696018976,
97,E2942700058111,河合第一小学校,奈良県河合町池部1-15-10,1,,,34.580026988142,135.73619931685,
98,E2942700059111,池部集会所,奈良県河合町池部1-3-3,,,,34.579625687912,135.73804410398,
99,E2942700062111,緑ヶ丘集会所,奈良県河合町池部3-1-8,,,,34.578367278847,135.73637650907,
100,E2942700064111,中山台集会所,奈良県河合町中山台1-16,1,,,34.57969992019,135.72016185911,
101,E2942700072111,長楽集会所,奈良県河合町長楽85,,,,34.582996,135.745804,
102,E2942700067111,薬井集会所,奈良県河合町薬井25-5,,,,34.586666450496,135.710736149,
103,E2942700074111,西大和学園,奈良県河合町薬井295,1,,,34.58802772879,135.71402750563,
104,E2920500001111,新沢小学校体育館,奈良県橿原市一町1296,1,,,34.475568753398,135.77076075211,
105,E2920500002111,金橋小学校体育館,奈良県橿原市雲悌町216-1,1,,,34.500160692569,135.76722306084,
106,E2920500004111,金橋地区公民館,奈良県橿原市雲梯町927,1,,,34.500399772707,135.77220663597,
107,E2920500003111,橿原運動公園貴賓室,奈良県橿原市雲梯町３２３－２外,1,,,34.49752457891,135.77125202331,
108,E2920500005111,耳成地区公民館,奈良県橿原市葛本町593,1,,,34.523167659285,135.80587352113,
109,E2920500006111,耳成小学校体育館,奈良県橿原市葛本町625,1,,,34.522129308555,135.80563770988,
110,E2920500007111,畝傍南小学校体育館,奈良県橿原市見瀬町164,1,,,34.479942714225,135.79271649661,
111,E2920500008111,畝傍地区公民館,奈良県橿原市見瀬町202-1,1,,,34.480661591097,135.79264284722,
112,E2920500009111,光陽中学校体育館,奈良県橿原市古川町20,1,,,34.487741314197,135.77208367527,
113,E2920500010111,今井地区公民館,奈良県橿原市今井町2-3-23,1,,,34.505312235162,135.78888844354,
114,E2920500011111,今井小学校体育館,奈良県橿原市今井町3-4-46,1,,,34.50524777613,135.78574506481,
115,E2920500012111,福祉センター「やわらぎの郷」,奈良県橿原市十市町63-1,1,,,34.531206247796,135.80985072197,
116,E2920500013111,大成中学校体育館,奈良県橿原市小綱町77-2,1,,,34.5094849586,135.78344260936,
117,E2920500015111,晩成小学校体育館,奈良県橿原市小房町1-54,1,,,34.505633667592,135.79705369203,
118,E2920500014111,市立中央体育館,奈良県橿原市小房町11-1,1,,,34.500164274072,135.79735582941,
119,E2920500016111,中央公民館,奈良県橿原市小房町9-23,1,,,34.501561282148,135.79742556684,
120,E2920500017111,耳成西小学校体育館,奈良県橿原市上品寺町455-1,1,,,34.522203538447,135.7898273345,
121,E2920500018111,耳成南小学校体育館,奈良県橿原市常盤町3,1,,,34.51876084782,135.8094203329,
122,E2920500019111,八木中学校体育館,奈良県橿原市新賀町33,1,,,34.519444563323,135.80448247243,
123,E2920500020111,多地区公民館,奈良県橿原市新口町244-2,1,,,34.526331377183,135.78919388729,
124,E2920500021111,橿原中学校体育館,奈良県橿原市西新堂町26-1,1,,,34.529924375868,135.78647853113,
125,E2920500022111,畝傍中学校体育館,奈良県橿原市石川町204,1,,,34.48533678471,135.80153856827,
126,E2920500023111,新沢地区公民館,奈良県橿原市川西町611,1,,,34.476744486403,135.77150176599,
127,E2920500025111,橿原市新沢千塚公園拠点施設,奈良県橿原市川西町855-1,1,,,34.479852832643,135.77286262551,
128,E2920500026111,香久山地区公民館,奈良県橿原市膳夫町477,1,,,34.508262524987,135.82297656718,
129,E2920500027111,香久山小学校体育館,奈良県橿原市膳夫町98-1,1,,,34.504676811554,135.8209264631,
130,E2920500028111,曽我川緑地体育館,奈良県橿原市曽我町1212,1,,,34.51818958155,135.76884754429,
131,E2920500029111,真菅地区公民館,奈良県橿原市曽我町1281-18,1,,,34.512027840559,135.77879297039,
132,E2920500030111,真菅小学校体育館,奈良県橿原市曽我町710,1,,,34.514961811776,135.77856638565,
133,E2920500031111,真菅北小学校体育館,奈良県橿原市大垣町220-1,1,,,34.528130712556,135.77955755278,
134,E2920500032111,大久保コミュニティセンター,奈良県橿原市大久保町15-1,1,,,34.498573,135.794281,
135,E2920500033111,畝傍北小学校体育館,奈良県橿原市大久保町156,1,,,34.496284338785,135.79471996291,
136,E2920500034111,畝傍東小学校体育館,奈良県橿原市大軽町283,1,,,34.479984269761,135.80158152513,
137,E2920500035111,鴨公地区公民館,奈良県橿原市醍醐町42-2,1,,,34.504625319594,135.80389287435,
138,E2920500036111,ひがしたけだドーム,奈良県橿原市東竹田町124-1,1,,,34.526534790228,135.81984165889,
139,E2920500037111,鴨公小学校体育館,奈良県橿原市縄手町324,1,,,34.500988325998,135.80306162575,
140,E2920500038111,香久山体育館,奈良県橿原市南山町624,1,,,34.491797908889,135.82408004544,
141,E2920500039111,白橿地区公民館,奈良県橿原市白橿町2-32-11,1,,,34.475025037474,135.79109404806,
142,E2920500041111,白橿中学校体育館,奈良県橿原市白橿町8-12-1,1,,,34.468523720533,135.79194719956,
143,E2920500042111,白橿小学校体育館,奈良県橿原市白橿町8-19-1,1,,,34.470457696188,135.7903134755,
144,E2920500043111,奈良県立畝傍高等学校体育館,奈良県橿原市八木町3-13-2,1,,,34.510073652944,135.80075235648,
145,E2920500044111,飛騨コミュニティーセンター,奈良県橿原市飛騨町94-2,1,,,34.496526826215,135.80325710782,
146,E2920500045111,奈良県立橿原高等学校体育館,奈良県橿原市北越智町282,1,,,34.475986366524,135.77740121097,
147,E2920500046111,八木地区公民館,奈良県橿原市北八木町2-1-6,1,,,34.511495541672,135.79606514671,
148,E2921100012112,新庄中学校武道場,奈良県葛城市新庄248,,,,34.487188,135.715539,
149,E2921100012111,新庄中学校体育館,奈良県葛城市新庄248,,,,34.487092080598,135.7161307553,
150,E2921100016111,コミュニティセンター,奈良県葛城市新町337,,,,34.482159873605,135.74142640225,
151,E2921100019111,當麻小学校体育館,奈良県葛城市染野32,,,,34.52075080493,135.69628546571,
152,E2921100021111,ゆうあいステーション（指定福祉避難所を除く）,奈良県葛城市染野789-1,,,,34.520311317687,135.6939561513,
153,E2921100021121,ゆうあいステーション（施設の一部分）,奈良県葛城市染野789-1,,,要配慮者,34.520309590106,135.69390794374,
154,E2921100075111,當麻スポーツセンター,奈良県葛城市竹内689,,,,34.50870402,135.7038784,
155,E2921100028112,白鳳中学校武道場,奈良県葛城市長尾14-1,,,,34.512241,135.708978,
156,E2921100028111,白鳳中学校体育館,奈良県葛城市長尾14-1,,,,34.512216530834,135.70896352179,
157,E2921100032111,新庄スポーツセンター,奈良県葛城市笛堂271,,,,34.487176446113,135.74500445794,
158,E2921100036111,磐城小学校体育館,奈良県葛城市南今市61,,,,34.506665109186,135.70982870742,
159,E2921100077111,磐城小学校区学童保育所,奈良県葛城市南今市67-1,,,,34.506782,135.70949,
160,E2921100038111,葛󠄀城市中央公民館,奈良県葛城市南藤井17,1,,,34.48568755905,135.71471759021,
161,E2921100038112,葛󠄀城市民体育館,奈良県葛城市南藤井17,1,,,34.485330815528,135.71425536757,
162,E2921100076111,新庄小学校区学童保育所（新棟）,奈良県葛城市南道穂147-1,,,,34.489306,135.719602,
163,E2921100040111,新庄小学校体育館,奈良県葛城市南道穂176-1,,,,34.489658734251,135.72052832581,
164,E2921100078111,葛城市歴史博物館,奈良県葛城市忍海250-1,,,,34.477212,135.730948,
165,E2921100045111,忍海小学校体育館,奈良県葛城市忍海338-1,,,,34.475074633086,135.73118954299,
166,E2921100054111,新庄北小学校体育館,奈良県葛城市疋田612,,,,34.500170890266,135.72534499477,
167,E2921100064111,いきいきセンター,奈良県葛城市林堂123,,,,34.484090912355,135.72333120119,
168,E2944100001111,河原屋公民館,奈良県吉野町河原屋139,1,,,34.394022207396,135.87281889998,
169,E2944100002111,吉野中学校,奈良県吉野町河原屋200,1,,,34.39595707352,135.87359200692,
170,E2944100003111,樫尾林業研修会館,奈良県吉野町樫尾127-2,1,,,34.376805978764,135.90755442919,
171,E2944100004111,喜佐谷多目的研修会館,奈良県吉野町喜佐谷152,1,,,34.366163,135.890639,
172,E2944100006111,吉野山ふるさとセンター,奈良県吉野町吉野山2548-1,1,,,34.369084010598,135.8572731681,
173,E2944100008111,吉野町野外活動拠点施設,奈良県吉野町宮滝103,1,,,34.376528027505,135.89454141037,
174,E2944100009111,中荘総合研修会館,奈良県吉野町宮滝229-2,1,,,34.377437,135.892819,
175,E2944100010111,宮滝河川交流センター,奈良県吉野町宮滝82-1,1,,,34.376593,135.896354,
176,E2944100011111,橋屋林業研修会館,奈良県吉野町橋屋202,1,,,34.391343012619,135.84217155287,
177,E2944100012111,（旧）国栖幼稚園,奈良県吉野町窪垣内49-1,1,,,34.388488496185,135.92818506392,
178,E2944100013111,御園多目的集会所,奈良県吉野町御園362,1,,,34.377562,135.887861,
179,E2944100014111,香束多目的集会場,奈良県吉野町香束643-1,1,,,34.418845689,135.903989348,
180,E2944100015111,国栖公民館,奈良県吉野町国栖281,1,,,34.385806349611,135.93320655952,
181,E2944100016111,佐々羅農事集会所,奈良県吉野町佐々羅119-2,1,,,34.409555208266,135.88222224593,
182,E2944100017111,龍門総合会館,奈良県吉野町佐々羅174,1,,,34.409728789379,135.88050341389,
183,E2944100018111,佐々羅公民館,奈良県吉野町佐々羅446,1,,,34.409432936767,135.87799444896,
184,E2944100019111,左曽交流促進センター,奈良県吉野町左曽80-1,1,,,34.386810709575,135.83711475611,
185,E2944100020111,菜摘ふれあいセンター,奈良県吉野町菜摘237-1,1,,,34.382184245289,135.90007479785,
186,E2944100021111,吉野見附「三茶屋」,奈良県吉野町三茶屋328-1,1,,,34.421337175091,135.93795072111,
187,E2944100022111,三茶屋生活改善センター,奈良県吉野町三茶屋333-3,1,,,34.421655764674,135.93751740075,
188,E2944100023111,三津ひばり会館,奈良県吉野町三津112,1,,,34.444495395009,135.88346339389,
189,E2944100024111,山口研修会館,奈良県吉野町山口485-3,1,,,34.414447463047,135.89058167495,
190,E2944100025111,吉野運動公園総合体育館,奈良県吉野町山口910,1,,,34.411973148432,135.89208538029,
191,E2944100026111,志賀公民館,奈良県吉野町志賀862-2,1,,,34.408376467475,135.8721982935,
192,E2944100027111,小名集会所,奈良県吉野町小名152,1,,,34.42302544108,135.95288821789,
193,E2944100028111,殿川多目的集会場,奈良県吉野町小名952,1,,,34.41614929389,135.95354740621,
194,E2944100029111,吉野町中央公民館,奈良県吉野町上市133,1,,,34.39596159335,135.8571618531,
195,E2944100030111,尾仁山憩の家,奈良県吉野町上市2067-4,1,,,34.39518798741,135.84627366497,
196,E2944100031111,吉野小学校,奈良県吉野町上市2298,1,,,34.392611953242,135.85053432503,
197,E2944100032111,上ノ町集会所,奈良県吉野町上市28-1,1,,,34.398882680593,135.85949574611,
198,E2944100033111,本町老人憩の家,奈良県吉野町上市338,1,,,34.396074405329,135.85489480983,
199,E2944100034111,色生生活改善センター,奈良県吉野町色生290-1,1,,,34.411097942486,135.93190541667,
200,E2944100035111,国栖中央公民館（国栖の里総合センター）,奈良県吉野町新子281,1,,,34.387204462531,135.92642077361,
201,E2944100036111,新子清水ふれあいセンター,奈良県吉野町新子355,1,,,34.386041306649,135.9281634516,
202,E2944100037111,西谷農事集会所,奈良県吉野町西谷767,1,,,34.413618859767,135.88125572818,
203,E2944100038111,千股生活改善センター,奈良県吉野町千股354-1,1,,,34.411908355977,135.86040269909,
204,E2944100041111,丹治公民館,奈良県吉野町丹治955,1,,,34.389221475937,135.85008589446,
205,E2944100042111,楢井老人憩の家,奈良県吉野町楢井388,1,,,34.385699393194,135.88184618256,
206,E2944100043111,吉野町老人福祉センター,奈良県吉野町楢井587,1,,,34.383224284023,135.88659575449,
207,E2944100044111,南国栖自治会館,奈良県吉野町南国栖415,1,,,34.379488494554,135.9281212258,
208,E2944100045111,南大野八坂会館,奈良県吉野町南大野224-2,1,,,34.38877392667,135.92031131424,
209,E2944100046111,入野生活改善センター,奈良県吉野町入野746-2,1,,,34.39875896784,135.9244066364,
210,E2944100047111,藤田公民館,奈良県吉野町飯貝1098-1,1,,,34.38443731223,135.86793044652,
211,E2944100048111,よしのこども園,奈良県吉野町飯貝465-1,1,,,34.392437908651,135.85552588841,
212,E2944100049111,飯貝老人憩の家,奈良県吉野町飯貝578-3,1,,,34.39383608692,135.85826949704,
213,E2944100050111,平尾研修会館,奈良県吉野町平尾359-1,1,,,34.410573504481,135.88876263003,
214,E2944100051111,吉野北小学校,奈良県吉野町平尾87,1,,,34.411124531631,135.88454189737,
215,E2944100052111,峰寺多目的集会所,奈良県吉野町峰寺23,1,,,34.404573788799,135.87841677619,
216,E2944100053111,柳児童館,奈良県吉野町柳1390-1,1,,,34.418558141577,135.91936416004,
217,E2944100054111,中竜門ふれあいセンター,奈良県吉野町柳1635-1,1,,,34.419328947932,135.92775989573,
218,E2944100055111,田尻金照会館,奈良県吉野町柳267-1,1,,,34.417114667152,135.9151007874,
219,E2944100056111,わかばこども園,奈良県吉野町柳542,1,,,34.418671419906,135.91910533676,
220,E2944100057111,別所ふれあいセンター,奈良県吉野町柳739,1,,,34.426713709242,135.92094368576,
221,E2944100058111,立野集会所,奈良県吉野町立野164-2,1,,,34.396053957333,135.86612167355,
222,E2944100059111,六田老人憩の家,奈良県吉野町六田1218,1,,,34.389246938332,135.83015212718,
223,E2920700003111,岡口コミニュティセンター,奈良県五條市岡口1-9-18,,,,34.356278501956,135.69821266149,
224,E2920700004111,五條高等学校,奈良県五條市岡町1428,1,,,34.369653433852,135.69413641696,
225,E2920700005111,宇智体育館,奈良県五條市岡町989,1,,,34.362482719871,135.69914597669,
226,E2920700006111,五條中学校,奈良県五條市下之町50,1,,,34.352915366956,135.6894707298,
227,E2920700007111,旧北宇智小学校,奈良県五條市近内町1158,1,,,34.389192988122,135.70479568786,
228,E2920700008111,北宇智公民館,奈良県五條市近内町735,1,,,34.38295853479,135.70576400065,
229,E2920700009111,北宇智体育館,奈良県五條市近内町779,1,,,34.38244064267,135.70773237281,
230,E2920700010111,旧阿太小学校,奈良県五條市原町225,1,,,34.363077751317,135.74666071564,
231,E2920700013111,人権総合センター,奈良県五條市五條4-1-3,1,,,34.3513669991,135.701662,
232,E2920700014111,五條東体育館,奈良県五條市五條4-2-6,1,,,34.351876281845,135.70311319236,
233,E2920700015111,今井コミュニティセンター,奈良県五條市今井3-3-20,1,,,34.356941768,135.706372426,
234,E2920700016111,宇智公民館,奈良県五條市今井3-3-48,1,,,34.358209017622,135.7052876817,
235,E2920700017111,五條東中学校,奈良県五條市今井5-7-12,1,,,34.357840856857,135.71074062475,
236,E2920700019111,五條東小学校,奈良県五條市今井町1153,1,,,34.361596963497,135.70960497714,
237,E2920700021111,阿田峯公園,奈良県五條市三在町1680,1,,,34.381694235836,135.72933928441,
238,E2920700022111,阿太ミニ体育館,奈良県五條市山田町2,1,,,34.368175,135.74858,
239,E2920700023111,上野公園総合体育館（シダーアリーナ）,奈良県五條市上野町246,1,,,34.335876670375,135.67177206875,
240,E2920700024111,新町公民館,奈良県五條市新町1-7-10,,,,34.34902,135.691166,
241,E2920700026111,須恵公民館,奈良県五條市須恵3-4-44,1,,,34.353683763357,135.69866010583,
242,E2920700027111,西吉野農業高等学校,奈良県五條市西吉野町江出174-1,1,,,34.305081,135.724148,
243,E2920700029111,旧西吉野小学校,奈良県五條市西吉野町宗川野77-1,1,,,34.2637562156,135.748610986,
244,E2920700030111,宗桧公民館,奈良県五條市西吉野町宗川野97,,,,34.262306800759,135.74867687306,
245,E2920700033111,西吉野コミュニティセンター,奈良県五條市西吉野町八ツ川451,1,,,34.303787,135.764851,
246,E2920700034111,平沼田老人憩の家,奈良県五條市西吉野町平沼田1466,,,,34.323365,135.754848,
247,E2920700035111,旧白銀北中学校,奈良県五條市西吉野町平沼田1687,1,,,34.326477580597,135.7464528979,
248,E2920700036111,賀名生体育館,奈良県五條市西吉野町和田77-1,1,,,34.296021840823,135.72217058006,
249,E2920700037111,大塔ライフハウス,奈良県五條市大塔町宇井183,1,,,34.156789,135.746748,
250,E2920700038111,ロッジ星のくに,奈良県五條市大塔町阪本249,1,,,34.2123707368,135.73171877,
251,E2920700040111,五條西中学校,奈良県五條市大澤町374,1,,,34.363925,135.666371,
252,E2920700042111,南阿太公民館,奈良県五條市滝町504,1,,,34.35785386806,135.75148067876,
253,E2920700043111,阪合部公民館,奈良県五條市中町31,1,,,34.335053743695,135.67917947696,
254,E2920700044111,牧野公民館,奈良県五條市中之町1764-1,,,,34.362288967774,135.67980902809,
255,E2920700045111,牧野体育館,奈良県五條市中之町595,,,,34.362374721831,135.67530698411,
256,E2920700046111,牧野小学校,奈良県五條市中之町921,1,,,34.366444411703,135.67761533759,
257,E2920700047111,田園体育館兼集会所,奈良県五條市田園2-18-2,1,,,34.369848442149,135.68285924594,
258,E2920700049111,田園公民館,奈良県五條市田園4-14-3,1,,,34.368630663365,135.68843477948,
259,E2920700050111,田殿集会所,奈良県五條市田殿町245,1,,,34.307939669893,135.67062364776,
260,E2920700051111,二見公民館,奈良県五條市二見2-5-1,1,,,34.344198,135.685858,
261,E2920700054111,二見文化体育センター,奈良県五條市二見7-6-50,1,,,34.343845,135.67787,
262,E2920700055111,五條小学校,奈良県五條市本町1-1-4,1,,,34.351617360887,135.69251435754,
263,E2920700056111,中央公民館,奈良県五條市本町3-1-13,1,,,34.353891759393,135.69203105834,
264,E2920700058111,野原公民館,奈良県五條市野原西3-4-3,1,,,34.345115,135.702751,
265,E2920700059121,保健福祉センター（カルム五條）　（交流コーナー、図書室、待合スペース、カウンセリング室、健康相談室、生活指導室）,奈良県五條市野原西6-1-18,,,乳幼児、妊婦およびその家族,34.342290057509,135.69712280632,
266,E2920700059111,保健福祉センター（カルム五條）（指定福祉避難所を除く）,奈良県五條市野原西6-1-18,,,,34.342290057509,135.69712280632,
267,E2920700060111,五條南小学校,奈良県五條市野原中3-5-43,1,,,34.340476531779,135.70188533995,
268,E2920700061111,旧野原小学校,奈良県五條市野原中3-8-38,1,,,34.338767191756,135.70160609661,
269,E2920700062111,智辯学園,奈良県五條市野原中4-1-51,1,,,34.342604217338,135.70546147403,
270,E2920700064111,野原東住民センター,奈良県五條市野原東2-7-26,1,,,34.349386899348,135.71631104384,
271,E2920700065111,南宇智公民館,奈良県五條市霊安寺町2016-3,1,,,34.335374795374,135.7012151234,
272,E2920800003111,御所幼児園,奈良県御所市1-9,,,,34.464201692534,135.73926178378,
273,E2920800002111,アザレアホール,奈良県御所市13,,,,34.463918629337,135.73993770046,
274,E2920800004111,青翔高等学校,奈良県御所市525,1,,,34.458916213573,135.73291031284,
275,E2920800005111,御所小学校,奈良県御所市610,1,,,34.464046892466,135.74123588961,
276,E2920800006111,御所中学校,奈良県御所市665-1,1,,,34.465895628785,135.74188498419,
277,E2920800007111,いきいきライフセンター,奈良県御所市774-1,,,,34.460804870837,135.73931542796,
278,E2920800008111,防災センター,奈良県御所市鴨神791,1,,,34.403536459036,135.70777979481,
279,E2920800009111,御所実業高等学校,奈良県御所市玉手300,1,,,34.454811001872,135.7463618336,
280,E2920800010111,老人福祉センター,奈良県御所市櫛羅1281,,,,34.461008829508,135.70853509518,
281,E2920800012111,大正小学校,奈良県御所市櫛羅2198-1,1,,,34.461407452526,135.72421066625,
282,E2920800013111,（旧）栗阪児童館,奈良県御所市栗阪215,,,,34.425825277859,135.72506792,
283,E2920800014111,クリーンセンター,奈良県御所市栗阪293,,,,34.428963641391,135.72799718481,
284,E2920800015111,産業振興センター,奈良県御所市元町1-1,,,,34.471279133124,135.72504635154,
285,E2920800016111,中央公民館,奈良県御所市元町382-1,,,,34.469353206822,135.73008001954,
286,E2920800038111,介護予防センター,奈良県御所市戸毛1032-1,,,,34.429798508636,135.75898870206,
287,E2920800019111,西戸毛集会所,奈良県御所市戸毛909-3,,,,34.434035325897,135.75979215584,
288,E2920800020111,葛公民館,奈良県御所市戸毛979-1,1,,,34.431848606048,135.75916519603,
289,E2920800021111,葛城保育所,奈良県御所市五百家75,,,,34.417232743656,135.71718242642,
290,E2920800022111,御所スポーツクラブ,奈良県御所市幸町189-3,,,,34.449741770416,135.72582885658,
291,E2920800023111,葛上中学校,奈良県御所市佐田1-1,1,,,34.433830888238,135.7151549555,
292,E2920800037111,防災交流館,奈良県御所市三室111-1,,,,34.458544,135.72992,
293,E2920800024111,大正中学校,奈良県御所市三室206-1,1,,,34.461833094597,135.72767399914,
294,E2920800025111,秋津幼児園,奈良県御所市室484-1,,,,34.44810868939,135.73845817819,
295,E2920800026111,室改良住宅集会所,奈良県御所市室55-16,,,,34.441564354133,135.72965204484,
296,E2920800027111,文化交流センター,奈良県御所市小林330,,,,34.467298682616,135.7156845134,
297,E2920800028111,地域交流センター,奈良県御所市小林365-1,,,,34.466780160629,135.71404715765,
298,E2920800030111,秋津小学校,奈良県御所市池之内459-3,1,,,34.448883598973,135.73827975379,
299,E2920800032111,掖上小学校,奈良県御所市東寺田55,1,,,34.460563228728,135.7570723393,
300,E2920800033111,人権センター,奈良県御所市柏原235,,,,34.46036521232,135.76092689448,
301,E2920800034111,葛小学校葛中学校,奈良県御所市樋野270,1,,,34.422092341752,135.75373809386,
302,E2920800035111,名柄小学校,奈良県御所市名柄185,1,,,34.441110999954,135.71518909559,
303,E2920800036111,葛城小学校,奈良県御所市林329,1,,,34.419475353316,135.71806237625,
304,E2938600015111,老人福祉センター,奈良県御杖村大字菅野1581,,,,34.487475,136.167509,
305,E2942600012111,総合保健福祉会館,奈良県広陵町大字笠161-2,1,,,34.542857553814,135.74480933347,
306,E2942600012121,総合保健福祉会館,奈良県広陵町大字笠161-2,1,,要配慮者,34.542767528319,135.74472566628,
307,E2942600013111,グリーンパレス,奈良県広陵町大字笠168,1,,,34.542796013859,135.74520880518,
308,E2942600013121,グリーンパレス,奈良県広陵町大字笠168,1,,要配慮者,34.54279841776,135.74525197101,
309,E2942600014111,広陵中央体育館,奈良県広陵町大字笠350-1,1,,,34.54975,135.748241,
310,E2942600015111,広陵中学校,奈良県広陵町大字笠355,1,,,34.551453348018,135.74811910107,
311,E2942600015121,広陵中学校,奈良県広陵町大字笠355,1,,要配慮者,34.551816660839,135.74809476419,
312,E2942600016111,広陵中央公民館,奈良県広陵町大字笠382-1,1,,,34.548713502392,135.74827547309,
313,E2942600017111,図書館,奈良県広陵町大字三吉396-1,1,,,34.553173854655,135.73586671726,
314,E2942600018111,広陵北体育館,奈良県広陵町大字大野546-1,,,,34.567572129344,135.74717046954,
315,E2942600019111,大和広陵高等学校,奈良県広陵町大字的場401,,,,34.567803519145,135.75903346511,
316,E2942600020121,広陵東小学校,奈良県広陵町大字百済1625-1,,,要配慮者,34.54625170557,135.75715774107,
317,E2942600020111,広陵東小学校,奈良県広陵町大字百済1625-1,,,,34.546051733528,135.75717751974,
318,E2942600021111,広陵東体育館,奈良県広陵町大字百済1801-1,,,,34.546721988994,135.75993191008,
319,E2942600022121,広陵西小学校,奈良県広陵町大字平尾542,,,要配慮者,34.541345975876,135.73571540673,
320,E2942600022111,広陵西小学校,奈良県広陵町大字平尾542,,,,34.541241758089,135.73601439157,
321,E2942600023111,はしお元気村,奈良県広陵町大字弁財天295-3,,,,34.563065045292,135.74945995744,
322,E2942600024111,広陵北小学校,奈良県広陵町大字弁財天303,,,,34.563768621588,135.74918715329,
323,E2942600024121,広陵北小学校,奈良県広陵町大字弁財天303,,,要配慮者,34.563744579253,135.74946496528,
324,E2942600029121,真美ケ丘中学校,奈良県広陵町馬見中2-17-32,1,,要配慮者,34.54931568797,135.72759487718,
325,E2942600029111,真美ケ丘中学校,奈良県広陵町馬見中2-17-32,1,,,34.548946509311,135.72743666092,
326,E2942600033111,真美ケ丘第一小学校,奈良県広陵町馬見南2-1-30,1,,,34.53967136814,135.73212648868,
327,E2942600033121,真美ケ丘第一小学校,奈良県広陵町馬見南2-1-30,1,,要配慮者,34.539671264837,135.73185076506,
328,E2942600035111,広陵西体育館,奈良県広陵町馬見南3-9-15,1,,,34.533450360322,135.73034232455,
329,E2942600041111,真美ケ丘体育館,奈良県広陵町馬見北5-13-18,1,,,34.553818892676,135.72647422564,
330,E2942600044111,真美ケ丘第二小学校,奈良県広陵町馬見北7-1-32,1,,,34.551480921144,135.72372021794,
331,E2942600044121,真美ケ丘第二小学校,奈良県広陵町馬見北7-1-32,1,,要配慮者,34.551757262851,135.72356943187,
332,E2921000001111,香芝市総合福祉センター,奈良県香芝市逢坂1-374-1,1,,,34.54247379,135.6953102,
333,E2921000001121,香芝市総合福祉センター,奈良県香芝市逢坂1-374-1,1,,要配慮者,34.542538965875,135.69508489444,
334,E2921000003111,香芝市立旭ケ丘小学校,奈良県香芝市旭ケ丘3-1-3,1,,,34.555830942841,135.69499380212,
335,E2921000004111,香芝市立香芝北中学校,奈良県香芝市旭ケ丘4-14,1,,,34.554242868437,135.69108878811,
336,E2921000005121,ボノボ,奈良県香芝市磯壁1-1057-3,,,要配慮者,34.538989251654,135.69960189177,
337,E2921000006111,香芝市立香芝中学校,奈良県香芝市磯壁1-1058-2,1,,,34.53899166,135.6987475,
338,E2921000007121,特別養護老人ホーム　ぬくもり香芝,奈良県香芝市下田西2-7-61,,,要配慮者,34.544241577822,135.70330348054,
339,E2921000008111,香芝市立下田小学校,奈良県香芝市下田西2-9-41,1,,,34.5455222,135.7005571,
340,E2921000011111,香芝市中央公民館,奈良県香芝市下田西3-7-5,1,,,34.539871,135.700213,
341,E2921000011121,香芝市中央公民館,奈良県香芝市下田西3-7-5,1,,要配慮者,34.539903679824,135.70018352656,
342,E2921000012121,特別養護老人ホーム　すばる,奈良県香芝市鎌田157-1,,,要配慮者,34.52186737289,135.71257146599,
343,E2921000013111,香芝市立鎌田小学校,奈良県香芝市鎌田370,1,,,34.52490874,135.7064485,
344,E2921000014121,和里（にこり）香芝,奈良県香芝市鎌田594,,,要配慮者,34.524588278811,135.71643834672,
345,E2921000015111,金光藤蔭高等学校　香芝キャンパス,奈良県香芝市関屋北1-1331-1,1,,,34.558719081484,135.6769360249,
346,E2921000016111,香芝市立関屋小学校,奈良県香芝市関屋北5-7-1,1,,,34.5607632,135.6678184,
347,E2921000019111,香芝市立香芝西中学校,奈良県香芝市穴虫3096-2,1,,,34.54905347,135.673551,
348,E2921000020121,介護老人保健施設　オークピア鹿芝,奈良県香芝市穴虫885-1,,,要配慮者,34.549814192671,135.6869255543,
349,E2921000021111,香芝市立五位堂小学校,奈良県香芝市五位堂2-300-1,1,,,34.53220295,135.7150677,
350,E2921000023111,香芝市立志都美小学校,奈良県香芝市今泉104-1,1,,,34.56761323,135.6999063,
351,E2921000024121,障害者支援施設　どんぐり,奈良県香芝市上中1263-26,,,要配慮者,34.55640196845,135.68016106179,
352,E2921000025121,どんぐり学園,奈良県香芝市上中1263-32,,,要配慮者,34.556775416624,135.67959472867,
353,E2921000027111,香芝市立香芝東中学校,奈良県香芝市真美ケ丘2-12-27,1,,,34.53939618,135.7200283,
354,E2921000029111,香芝市立真美ヶ丘東小学校,奈良県香芝市真美ケ丘3-2-70,1,,,34.53956378,135.7233398,
355,E2921000033111,奈良県立香芝高等学校,奈良県香芝市真美ケ丘5-1-53,1,,,34.54525727,135.7194472,
356,E2921000035111,香芝市立真美ヶ丘西小学校,奈良県香芝市真美ケ丘5-4-20,1,,,34.54632771,135.7196215,
357,E2921000038111,智辯学園奈良カレッジ,奈良県香芝市田尻265,1,,,34.55102892,135.659987,
358,E2921000039121,障害者支援施設　ゆらくの里,奈良県香芝市尼寺616,,,要配慮者,34.574599147957,135.68446700501,
359,E2921000040111,香芝市地域交流センター,奈良県香芝市白鳳台1-14-1,1,,,34.569452260646,135.69595633603,
360,E2921000041111,香芝市立二上小学校,奈良県香芝市畑4-573,1,,,34.54007588,135.6878151,
361,E2921000042121,介護老人保健施設　てんとう虫,奈良県香芝市平野23-1,,,要配慮者,34.566184745123,135.69610041688,
362,E2921000043111,香芝市総合体育館,奈良県香芝市本町1437,1,,,34.540276,135.699718,
363,E2921000044111,香芝市立三和小学校,奈良県香芝市良福寺665-2,1,,,34.53031743,135.7052232,
364,E2940100009111,奈良県立高取国際高等学校,奈良県高取町大字佐田455-2,1,,,34.457571977861,135.79234326497,
365,E2940100016111,高取中学校,奈良県高取町大字森30,1,,,34.450587729917,135.78972503236,
366,E2940100030111,たかとり幼稚園,奈良県高取町大字清水谷111-3,1,,,34.442612,135.795736,
367,E2940100019111,たかむち小学校,奈良県高取町大字清水谷205,1,,,34.442926833413,135.7964338786,
368,E2940100031111,地域交流スペースいくせい,奈良県高取町大字兵庫202,1,,,34.447102,135.776382,
369,E2944400001111,黒滝森物語村,奈良県黒滝村大字粟飯谷1,,,,34.311993,135.827469,
370,E2944400002111,粟飯谷地区集会所,奈良県黒滝村大字粟飯谷224,,,,34.324754,135.837937,
371,E2944400021111,祐光寺,奈良県黒滝村大字笠木660,,,,34.28354,135.829152,
372,E2944400004111,笠木・桂原・長瀬地区集会所,奈良県黒滝村大字桂原118-1,,,,34.297981,135.826144,
373,E2944400005111,御吉野・長瀬地区老人憩の家,奈良県黒滝村大字御吉野139,,,,34.31024,135.83333,
374,E2944400006121,黒滝村デイサービスセンター,奈良県黒滝村大字寺戸187-2,,,要配慮者等,34.310815,135.850122,
375,E2944400007111,寺戸地区老人憩の家,奈良県黒滝村大字寺戸306,,,,34.30896,135.848482,
376,E2944400008111,黒滝小学校・中学校,奈良県黒滝村大字寺戸41,1,,,34.310644,135.852432,
377,E2944400009121,黒滝こども園,奈良県黒滝村大字寺戸421,,,要配慮者等,34.308943,135.842877,
378,E2944400010111,黒滝村農林トレーニングセンター,奈良県黒滝村大字寺戸47-1,1,,,34.310633,135.851932,
379,E2944400011111,赤滝・上平地区集会施設,奈良県黒滝村大字赤滝83-1,,,,34.302930898658,135.88325969334,
380,E2944400012111,上中戸地区老人憩の家,奈良県黒滝村大字中戸1058-2,,,,34.30571,135.863532,
381,E2944400013111,中戸自治会館,奈良県黒滝村大字中戸1460,,,,34.306429460994,135.85821951289,
382,E2944400014111,川戸地区老人憩の家,奈良県黒滝村大字中戸390,,,,34.307315531402,135.85441906982,
383,E2944400015111,光徳寺,奈良県黒滝村大字中戸778,,,,34.304016,135.871768,
384,E2944400016111,長瀬地区集会所,奈良県黒滝村大字長瀬83-1,1,,,34.307438,135.823239,
385,E2944400017111,鳥住地区集会所,奈良県黒滝村大字鳥住236,,,,34.330744,135.860722,
386,E2944400018111,堂原地区老人憩の家,奈良県黒滝村大字堂原381,,,,34.307212,135.836446,
387,E2944400019111,槙尾地域防災拠点施設,奈良県黒滝村大字槙尾103,,,,34.326907328181,135.87465999349,
388,E2944400020111,脇川地区集会所,奈良県黒滝村大字脇川335,,,,34.314899290865,135.85782776551,
389,E2920600002111,中央公民館,奈良県桜井市粟殿202,1,,,34.517484,135.842959,
390,E2920600005111,さくら幼稚園,奈良県桜井市粟殿480-1,,,,34.519857,135.844756,
391,E2920600004111,桜井木材協同組合,奈良県桜井市粟殿３５０外,,,,34.517966743452,135.8519940994,
392,E2920600007111,図書館,奈良県桜井市河西31,1,,,34.506206,135.85177,
393,E2920600008111,奈良県立商業高等学校,奈良県桜井市河西770,,,,34.501041,135.847057,
394,E2920600009111,戒重集会所,奈良県桜井市戒重209-34,,,,34.512479,135.83843,
395,E2920600010111,戒重区会所,奈良県桜井市戒重45,,,,34.511407,135.837354,
396,E2920600011111,城島小学校,奈良県桜井市外山330,1,,,34.515533,135.85749,
397,E2920600012111,上之郷体育館,奈良県桜井市笠82,1,,,34.568001,135.908704,
398,E2920600013111,吉隠公民館,奈良県桜井市吉隠726,1,,,34.532447,135.933726,
399,E2920600014111,桜井西ふれあいセンター,奈良県桜井市吉備646-16,1,,,34.5091,135.828989,
400,E2920600015111,第１保育所,奈良県桜井市吉備648-1,1,,,34.509233,135.829424,
401,E2920600016111,朝倉小学校,奈良県桜井市黒崎626,1,,,34.522391,135.876454,
402,E2920600017111,まほろばセンター,奈良県桜井市桜井1259,1,,,34.51264,135.845869,
403,E2920600020111,桜井高校,奈良県桜井市桜井95,,,,34.514834,135.852945,
404,E2920600021111,三輪小学校,奈良県桜井市三輪324,1,,,34.525596,135.849951,
405,E2920600022111,大神神社大礼記念館新館,奈良県桜井市三輪330,,,,34.528066,135.851564,
406,E2920600023111,総合体育館,奈良県桜井市三輪686,1,,,34.529209,135.840873,
407,E2920600025111,慈恩寺集会所,奈良県桜井市慈恩寺398,,,,34.520013,135.867162,
408,E2920600026111,織田小学校,奈良県桜井市芝1177,1,,,34.53587,135.843678,
409,E2920600027111,大三輪中学校,奈良県桜井市芝1401,1,,,34.531860666595,135.84236772751,
410,E2920600029111,桜井市民体育館,奈良県桜井市芝54-1,1,,,34.529784,135.841196,
411,E2920600030111,初瀬小学校,奈良県桜井市初瀬1556,1,,,34.527482,135.899115,
412,E2920600031111,初瀬観光センター,奈良県桜井市初瀬1593-2,1,,,34.527321,135.901377,
413,E2920600032111,桜井東ふれあいセンター分館,奈良県桜井市初瀬1626-1,1,,,34.526218,135.898777,
414,E2920600033111,桜井東中学校,奈良県桜井市初瀬1655,1,,,34.525459,135.897192,
415,E2920600034111,桜井東ふれあいセンター,奈良県桜井市初瀬2337,1,,,34.526845,135.905249,
416,E2920600035111,長谷寺昭和寮,奈良県桜井市初瀬731-1,,,,34.534506,135.907238,
417,E2920600035112,普門院,奈良県桜井市初瀬731-1,,,,34.534473,135.908267,
418,E2920600036111,上之郷公民館,奈良県桜井市小夫3266,1,,,34.57252,135.915575,
419,E2920600038111,桜井西小学校,奈良県桜井市上之庄594-1,1,,,34.518722,135.838831,
420,E2920600039111,安倍小学校,奈良県桜井市生田578,1,,,34.495706,135.838596,
421,E2920600040111,桜井西ふれあいセンター分館,奈良県桜井市西之宮211-1,1,,,34.513189,135.826218,
422,E2920600041111,赤尾地区コミュニティ集会所,奈良県桜井市赤尾329-1,,,,34.509798,135.867891,
423,E2920600042111,川合区集会所,奈良県桜井市川合253-11,,,,34.513967,135.843891,
424,E2920600043111,天理教明和大教会,奈良県桜井市川合254-1,1,,,34.513858,135.845275,
425,E2920600044111,桜井南小学校,奈良県桜井市浅古21,1,,,34.502993,135.851867,
426,E2920600045111,桜井市グリーンパーク,奈良県桜井市浅古485-1,1,,,34.502537,135.870406,
427,E2920600046111,桜井中学校,奈良県桜井市浅古593,1,,,34.499069,135.861489,
428,E2920600047111,総合福祉センター（旧高齢者総合福祉センター）,奈良県桜井市倉橋1166,1,,,34.491554,135.862745,
429,E2920600050111,横内集会所,奈良県桜井市大福196-4,,,,34.511396,135.831096,
430,E2920600052111,桜井西中学校,奈良県桜井市大福747,1,,,34.51877,135.831427,
431,E2920600053111,桜井市西老人憩いの家,奈良県桜井市大福77-1,1,,,34.51028,135.829043,
432,E2920600054111,大福小学校,奈良県桜井市大福820,1,,,34.518731,135.825656,
433,E2920600056111,桜井小学校,奈良県桜井市谷957,1,,,34.505486,135.845965,
434,E2920600061111,纒向小学校,奈良県桜井市東田339,1,,,34.54648,135.835076,
435,E2920600062111,桜井学園,奈良県桜井市忍阪32-1,,,,34.513268,135.866388,
436,E2920600063111,多武峰地区集会所,奈良県桜井市八井内240,,,,34.467908320349,135.86863565278,
437,E2920600064111,第５保育所,奈良県桜井市豊前267,1,,,34.538523,135.831711,
438,E2920600065111,桜井北ふれあいセンター分館,奈良県桜井市豊田311-2,1,,,34.53784145,135.832589,
439,E2920600067111,桜井北ふれあいセンター,奈良県桜井市豊田314-2,1,,,34.53749235,135.8323101,
440,E2934300001111,三室自治会館,奈良県三郷町三室1-2-18,1,,,34.604414043829,135.70682736027,
441,E2934300002111,城山台自治会館,奈良県三郷町城山台2-1-1,1,,,34.599841420017,135.68887467209,
442,E2934300004111,万葉荘園,奈良県三郷町城山台2-15-1,1,,,34.603118011141,135.6863450356,
443,E2934300005111,県立西和清陵高等学校,奈良県三郷町信貴ケ丘4-7-1,1,,,34.60448588153,135.68662272264,
444,E2934300008111,信貴山東町自治会館,奈良県三郷町信貴山東3-56,1,,,34.606619915852,135.6771974487,
445,E2934300009111,老人福祉施設三室園組合,奈良県三郷町信貴南畑1-1-1,1,,,34.603570684539,135.66700197057,
446,E2934300010111,南畑幼稚園,奈良県三郷町信貴南畑1-2-58,1,,,34.605812489875,135.66842604349,
447,E2934300011111,株式会社農業公園信貴山のどか村　ハウスやまびこ,奈良県三郷町信貴南畑1-7-1,1,,,34.604639911074,135.66212877444,
448,E2934300013111,三郷町福祉保健センター,奈良県三郷町勢野西1-2-1,1,,,34.60081,135.696017,
449,E2934300014111,スポーツセンター,奈良県三郷町勢野西1-2-3,1,,,34.601551468026,135.69699237708,
450,E2934300015111,子育て支援センター・ちぃすてっぷ,奈良県三郷町勢野西1-4-4,1,,,34.601018189688,135.69415186432,
451,E2934300016111,三郷小学校体育館,奈良県三郷町勢野西1-6-1,1,,,34.600821211636,135.69243188841,
452,E2934300018111,里ヶ丘・緑ヶ丘自治会館,奈良県三郷町勢野西5-4-2,1,,,34.60698236241,135.69025665562,
453,E2934300020111,介護付有料老人ホームチャーム奈良三郷,奈良県三郷町勢野東6-8-6,1,,,34.602356,135.707797,
454,E2934300022111,勢野北１・２丁目自治会館,奈良県三郷町勢野北1-9-16,1,,,34.607309518388,135.69764832408,
455,E2934300023111,ハートランドしぎさん看護専門学校体育館,奈良県三郷町勢野北4-13-1,1,,,34.608885022539,135.68348121197,
456,E2934300026111,イーストヒルズ勢野自治会館,奈良県三郷町勢野北5-4-30,1,,,34.609079219185,135.68831488836,
457,E2934300069111,ナラディーア（クラブハウス）,奈良県三郷町勢野北5-5-85,1,,,34.608521,135.686691,
458,E2934300027121,学校給食センター,奈良県三郷町大字勢野5020-1,1,,要配慮者等,34.610597118628,135.6946330752,
459,E2934300027111,学校給食センター,奈良県三郷町大字勢野5020-1,1,,,34.610597118628,135.6946330752,
460,E2934300028111,東信貴ヶ丘自治会館,奈良県三郷町東信貴ケ丘2-2-21,1,,,34.608670460061,135.70440256351,
461,E2934300030111,美松ヶ丘自治会館,奈良県三郷町美松ケ丘西1-9-1,,,,34.609487920743,135.70063443992,
462,E2934300058111,三郷北小学校体育館,奈良県三郷町美松ケ丘西2-11-1,1,,,34.611728122937,135.69712791807,
463,E2934300035111,夕陽ケ丘自治会館,奈良県三郷町夕陽ケ丘11-34,1,,,34.608527,135.708907,
464,E2934300036111,株式会社スイデン奈良事業所,奈良県三郷町夕陽ケ丘3-26,1,,,34.606744072165,135.70882891478,
465,E2934300038111,馬場自治会館,奈良県三郷町立野南1-10-18,1,,,34.593123454675,135.68902430464,
466,E2934300039111,龍田大社参集殿,奈良県三郷町立野南1-29-1,1,,,34.593129357247,135.68745077119,
467,E2934300041111,いわせが丘自治会館,奈良県三郷町立野南2-6-22,1,,,34.590528615922,135.6854671443,
468,E2934300045111,みさと自治会館,奈良県三郷町立野北1-29-116,1,,,34.594071269771,135.69422066553,
469,E2934300047111,三郷中学校体育館,奈良県三郷町立野北1-3-1,1,,,34.598633204913,135.69339641097,
470,E2934300048121,三郷中学校福祉避難所,奈良県三郷町立野北1-3-3,1,,要配慮者等,34.598418207118,135.69337228782,
471,E2934300049111,ふれあい交流センター,奈良県三郷町立野北1-36-39,1,,,34.594623908778,135.69177195535,
472,E2934300050111,西部保育園,奈良県三郷町立野北1-45-5,1,,,34.594459941011,135.68923497085,
473,E2934300052111,立野連合自治会館,奈良県三郷町立野北2-19-7,1,,,34.594673792363,135.68818505521,
474,E2934300054111,立野北２丁目自治会館,奈良県三郷町立野北2-31-62,1,,,34.5951719891,135.683984478,
475,E2934300059111,ＦＳＳ３５スポーツアリーナ,奈良県三郷町立野北3-12-3,1,,,34.593853,135.679063,
476,E2936200004121,三宅町交流まちづくりセンター,奈良県三宅町伴堂689,,,要配慮者,34.573325776758,135.77329663929,
477,E2936200005121,三宅幼児園,奈良県三宅町伴堂703-1,,,要配慮者,34.574480344595,135.77302523491,
478,E2936200006111,三宅小学校,奈良県三宅町伴堂766,1,,,34.574149261661,135.77188700464,
479,E2932200003111,東山公民館,奈良県山添村大字桐山62-1,1,,,34.681887457052,135.97406229281,
480,E2932200007111,豊原公民館,奈良県山添村大字三ケ谷970,1,,,34.654835280517,136.02620122466,
481,E2932200008111,やまぞえ小学校,奈良県山添村大字春日1770-1,1,,,34.680458411883,136.05167607985,
482,E2932200009111,児童館・老人憩の家,奈良県山添村大字西波多4922,1,,,34.68249076193,136.03422425258,
483,E2932200017121,障害者支援施設　大和高原太陽の家,奈良県山添村大字切幡1432-118,,,要配慮者（主として高齢者、障害者、乳幼児その他の特に配慮を要する者）,34.639184,136.018735,
484,E2932200010111,山添中学校,奈良県山添村大字大西1044,1,,,34.683173513727,136.03737270753,
485,E2932200016121,特別養護老人ホーム　つつじの丘,奈良県山添村大字大西1181,,,要配慮者（主として高齢者、障害者、乳幼児その他の特に配慮を要する者）,34.683735,136.041519,
486,E2932200011111,ふれあいホール,奈良県山添村大字大西1367,1,,,34.685735795676,136.04212005494,
487,E2932200012121,保健福祉センター,奈良県山添村大字大西1395-1,,,要配慮者（主として高齢者、障害者、乳幼児その他の特に配慮を要する者）,34.684562813157,136.04035799534,
488,E2932200013111,総合スポーツセンター,奈良県山添村大字大西69,1,,,34.679529167216,136.04508657811,
489,E2932200015111,旧西豊小学校,奈良県山添村大字箕輪680,1,,,34.668213712275,136.01226186671,
490,E2944900021111,高森のいえふれあい交流センター,奈良県十津川村大字猿飼310,,,,33.935163957497,135.76620486017,
491,E2944900022111,神納川地区生活改善センター,奈良県十津川村大字五百瀬94-1,,,,34.034121753146,135.69508113171,
492,E2944900024111,旧西川中学校,奈良県十津川村大字重里465,,,,33.961639309043,135.73778749586,
493,E2944900025111,重里地区生活改善センター,奈良県十津川村大字重里487,,,,33.962019242191,135.73814179416,
494,E2944900027111,十津川中学校,奈良県十津川村大字小原460,,,,33.987148943336,135.79673568043,
495,E2944900028111,十津川第一小学校,奈良県十津川村大字小原707,,,,33.983871290028,135.79073814955,
496,E2944900029111,小原保育所,奈良県十津川村大字小原707-5,,,,33.983328614197,135.79067914095,
497,E2944900030111,上野地保育所,奈良県十津川村大字上野地215,,,,34.099197306548,135.76053713184,
498,E2944900031111,上野地地区交流施設,奈良県十津川村大字上野地220,,,,34.099779305005,135.75953455653,
499,E2944900032111,北部保健センター,奈良県十津川村大字上野地252,,,,34.09918991962,135.76195154833,
500,E2944900033111,村民ひろば,奈良県十津川村大字折立171-2,,,,33.949179343329,135.80225731852,
501,E2944900034111,花園保育所,奈良県十津川村大字風屋1969,,,,34.049835032121,135.78743427156,
502,E2944900035111,北部老人憩いの家,奈良県十津川村大字風屋546-2,,,,34.043306192373,135.78131558931,
503,E2944900036111,十津川第二小学校,奈良県十津川村大字平谷256,,,,33.939645833155,135.77103397576,
504,E2945100001111,上北山旧小学校,奈良県上北山村大字河合107,1,,,34.135943895769,136.00035538346,
505,E2945100002111,景徳寺,奈良県上北山村大字河合136,,,,34.134830213664,136.00041100231,
506,E2945100004111,上北山村民総合会館,奈良県上北山村大字河合278-1,,,,34.134689276615,135.99937900797,
507,E2945100005111,ワースリビングかみきた,奈良県上北山村大字河合381,,,,34.132488328714,136.00206836124,
508,E2945100006111,渡瀬コミュニティーセンター,奈良県上北山村大字河合497-43,,,,34.130832671611,135.99853385731,
509,E2945100007111,上北山小中学校体育館,奈良県上北山村大字河合564,,,,34.149849313497,135.99207425745,
510,E2945100008111,瀧川寺,奈良県上北山村大字小橡228,,,,34.145149238913,136.012778747,
511,E2945100009111,上北山村青年研修所,奈良県上北山村大字小橡242,,,,34.144037021468,136.0135230519,
512,E2945100010111,郷土文化伝承施設,奈良県上北山村大字小橡721-20,,,,34.150753230883,136.01468756724,
513,E2945100012111,宝泉寺,奈良県上北山村大字西原285,,,,34.180805027676,136.00223151993,
514,E2945100013111,健康増進施設,奈良県上北山村大字西原351-2,,,,34.18078246308,136.00420954665,
515,E2945100014111,ふるさとふれあい会館,奈良県上北山村大字西原356-2,,,,34.180698144514,136.00403252086,
516,E2945100016111,白川公民館,奈良県上北山村大字白川214-61,,,,34.105223842203,135.99579140474,
517,E2942400002111,ゆりが丘コミュニティセンター,奈良県上牧町ゆりが丘1-7-20,1,,,34.572097254133,135.71949564306,
518,E2942400003111,県立西和養護学校体育館,奈良県上牧町下牧1010,,,,34.572130386044,135.72140708134,
519,E2942400004111,下牧文化会館,奈良県上牧町下牧2-9-22,1,,,34.576164411804,135.71360506497,
520,E2942400005111,葛城台公民館,奈良県上牧町葛城台3-1-2,1,,,34.556952069252,135.722317772,
521,E2942400011111,桜ケ丘老人憩の家,奈良県上牧町桜ケ丘3-34-3,,,,34.575051770911,135.72070821427,
522,E2942400006111,桜ヶ丘公民館,奈良県上牧町桜ヶ丘2-15,,,,34.573670859095,135.72696946235,
523,E2942400008111,上牧第二町民体育館,奈良県上牧町桜ヶ丘3-12,,,,34.5742279991,135.720177,
524,E2942400012111,松里園公民館,奈良県上牧町松里園1-11-11,1,,,34.551348868731,135.71078749119,
525,E2942400013111,松里園消防コミュニティセンター,奈良県上牧町松里園3-11-4,1,,,34.54907379143,135.70966950489,
526,E2942400017111,梅が丘老人憩の家,奈良県上牧町大字下牧22-22,,,,34.57092578625,135.70463039361,
527,E2942400018111,上牧第二中学校体育館,奈良県上牧町大字下牧35,1,,,34.571177565856,135.70614852391,
528,E2942400020111,南上牧公民館,奈良県上牧町大字上牧1,1,,,34.55571696127,135.70815464387,
529,E2942400021111,五軒屋老人憩の家,奈良県上牧町大字上牧1546-5,1,,,34.554050366077,135.71966091167,
530,E2942400022111,上牧第一町民体育館,奈良県上牧町大字上牧1750,1,,,34.559347766363,135.715963964,
531,E2942400023111,上牧小学校体育館,奈良県上牧町大字上牧1866,,,,34.561795262781,135.71777374339,
532,E2942400024111,新町第１公民館,奈良県上牧町大字上牧2546,1,,,34.566953483552,135.72662117439,
533,E2942400025111,新町老人憩の家,奈良県上牧町大字上牧2622-1,1,,,34.567939136907,135.72702319222,
534,E2942400026111,三軒屋公民館,奈良県上牧町大字上牧3025,,,,34.5636401594,135.72019539462,
535,E2942400028111,上牧第三小学校体育館,奈良県上牧町大字上牧3100,1,,,34.570604277697,135.72089361903,
536,E2942400029111,上牧町文化センター,奈良県上牧町大字上牧3241,1,,,34.567880410858,135.7169220346,
537,E2942400031111,上牧中学校体育館,奈良県上牧町大字上牧3349,,,,34.562027512495,135.71601753516,
538,E2942400033111,第２集会所,奈良県上牧町大字上牧3719-16,1,,,34.566540953437,135.7082020757,
539,E2942400034111,北上牧公民館（第１集会所）,奈良県上牧町大字上牧3764,1,,,34.564112740076,135.70532907478,
540,E2942400035111,上牧町立文化館,奈良県上牧町大字上牧3892,1,,,34.561753671741,135.70837185933,
541,E2942400037111,滝川台公民館,奈良県上牧町滝川台1-10-12,1,,,34.569345267165,135.71737301018,
542,E2942400038111,服部老人憩の家,奈良県上牧町服部台1-3-41,1,,,34.568807542791,135.71449753872,
543,E2942400039111,米山台老人憩の家,奈良県上牧町米山台1-1-1,1,,,34.560521641374,135.71512131304,
544,E2942400040111,米山台公民館,奈良県上牧町米山台5-6-1,1,,,34.563249458204,135.71515573744,
545,E2942400041111,片岡台１丁目公民館,奈良県上牧町片岡台1-5,1,,,34.581303100926,135.71510740924,
546,E2942400042111,片岡台２丁目公民館,奈良県上牧町片岡台2-10,1,,,34.578952991093,135.71820211564,
547,E2942400043112,片岡台３丁目コミュニティセンター,奈良県上牧町片岡台3-1,1,,,34.578748825753,135.71494807318,
548,E2942400043111,片岡台老人憩の家,奈良県上牧町片岡台3-1,1,,,34.5785641395,135.714696131,
549,E2942400044111,上牧第二小学校体育館,奈良県上牧町片岡台3-2,1,,,34.575470161309,135.71504101727,
550,E2942400045111,友が丘公民館,奈良県上牧町友が丘1-10-15,1,,,34.572321,135.713492,
551,E2942400047111,緑ケ丘公民館,奈良県上牧町緑ケ丘1-8-7,,,,34.569077868066,135.7095048115,
552,E2920900001111,あすか野小学校,奈良県生駒市あすか野南2-5-1,1,,,34.709957277728,135.71664081713,
553,E2920900002111,壱分小学校,奈良県生駒市壱分町356-1,1,,,34.672093061075,135.71523168411,
554,E2920900003111,コミュニティセンター,奈良県生駒市元町1-6-12,1,,,34.692038015992,135.69868998124,
555,E2920900004111,生駒北スポーツセンター,奈良県生駒市高山町166-2,1,,,34.770416167464,135.7105461913,
556,E2920900005111,生駒北小中学校,奈良県生駒市高山町6794,1,,,34.739251487858,135.72131905715,
557,E2920900006111,桜ヶ丘小学校,奈良県生駒市桜ケ丘7-15,1,,,34.698528446019,135.70515083974,
558,E2920900007111,生駒小学校,奈良県生駒市山崎町4-44,1,,,34.691159804085,135.70614106353,
559,E2920900008111,鹿ノ台小学校,奈良県生駒市鹿ノ台西1-5-2,1,,,34.734863155985,135.74643482299,
560,E2920900009111,鹿ノ台中学校,奈良県生駒市鹿ノ台南2-16,1,,,34.733551502004,135.74786338812,
561,E2920900010111,鹿ノ台ふれあいホール,奈良県生駒市鹿ノ台南2-3-3,1,,,34.733921051164,135.74907828435,
562,E2920900011111,南コミュニティセンターせせらぎ,奈良県生駒市小瀬町18,1,,,34.666216919772,135.70682684134,
563,E2920900012111,大瀬中学校,奈良県生駒市小瀬町911-1,1,,,34.665745356764,135.71788656402,
564,E2920900014111,小平尾南体育館,奈良県生駒市小平尾町1629,1,,,34.658094,135.703386,
565,E2920900015111,井出山体育館,奈良県生駒市小平尾町1766-1,1,,,34.652945199293,135.70709899415,
566,E2920900016111,生駒南第二小学校,奈良県生駒市小平尾町927,1,,,34.65438067435,135.70778643389,
567,E2920900017111,総合公園体育館,奈良県生駒市小明町1807-1,1,,,34.711707587227,135.71068509269,
568,E2920900018111,光明中学校,奈良県生駒市小明町55,1,,,34.712330978682,135.70814002528,
569,E2920900019111,北コミュニティセンターＩＳＴＡはばたき,奈良県生駒市上町1543,1,,,34.718474429382,135.72250928164,
570,E2920900020111,上中学校,奈良県生駒市上町3000,1,,,34.724679641366,135.71642512322,
571,E2920900021111,生駒台小学校,奈良県生駒市新生駒台1-33,1,,,34.709604093437,135.70227497153,
572,E2920900022111,真弓小学校,奈良県生駒市真弓1-11-15,1,,,34.720238180186,135.72603480951,
573,E2920900025111,生駒中学校,奈良県生駒市西松ケ丘9-19,1,,,34.699018663932,135.69374497975,
574,E2920900026111,図書会館,奈良県生駒市辻町238,1,,,34.696377977718,135.70854262237,
575,E2920900027111,生駒東小学校,奈良県生駒市東生駒4-398-110,1,,,34.680508955603,135.71559347116,
576,E2920900028111,生駒南小学校,奈良県生駒市萩原町335,1,,,34.665554999946,135.7058542459,
577,E2920900029111,むかいやま公園体育館,奈良県生駒市萩原町673,1,,,34.663209655076,135.69706376837,
578,E2920900030111,生駒南中学校,奈良県生駒市萩原町90,1,,,34.667315313171,135.70601028522,
579,E2920900031111,俵口小学校,奈良県生駒市俵口町614-1,1,,,34.705711835653,135.68888708421,
580,E2920900032111,たけまるホール,奈良県生駒市北新町9-28,1,,,34.693954442848,135.69668412331,
581,E2920900033111,北大和体育館,奈良県生駒市北大和3-5077,1,,,34.72143698132,135.73514676568,
582,E2920900034111,市民体育館,奈良県生駒市門前町9-20,1,,,34.687782929066,135.69027134004,
583,E2920900035111,緑ヶ丘中学校,奈良県生駒市緑ケ丘2232,1,,,34.683462377126,135.69878568648,
584,E2945200034111,上多古集会所,奈良県川上村上多古287-2,,,,34.2901,135.994807,
585,E2945200002111,井戸公民館,奈良県川上村大字井戸212-2,,,,34.317799321246,135.9755622501,
586,E2945200003111,井光公民館,奈良県川上村大字井光98,,,,34.324231020986,136.00372779058,
587,E2945200004111,下多古公民館,奈良県川上村大字下多古847,,,,34.302763117954,135.98602770216,
588,E2945200005111,高原多目的集会所,奈良県川上村大字高原461,,,,34.322828,135.949493,
589,E2945200006111,寺尾公民館,奈良県川上村大字寺尾536-1,,,,34.346897,135.945232,
590,E2945200007111,上谷公民館,奈良県川上村大字上谷140-2,,,,34.272097384796,135.99252968418,
591,E2945200008111,神之谷公民館,奈良県川上村大字神之谷212,,,,34.285785696895,136.00730156232,
592,E2945200009111,旧川上中学校,奈良県川上村大字人知270,1,,,34.330023532455,135.9708321703,
593,E2945200011111,人知公民館,奈良県川上村大字人知43-21,,,,34.331936297424,135.9677629253,
594,E2945200012111,かわかみ源流学園,奈良県川上村大字西河105-1,1,,,34.359656154737,135.92422373859,
595,E2945200013111,西河公民館,奈良県川上村大字西河570,,,,34.362198,135.920043,
596,E2945200014111,大滝生活改善センター,奈良県川上村大字大滝154,,,,34.355478,135.922469,
597,E2945200015111,白屋公民館,奈良県川上村大字大滝944,,,,34.349146998093,135.93815188842,
598,E2945200016111,大迫公民館,奈良県川上村大字大迫57-1,,,,34.272961588843,136.00454516699,
599,E2945200017111,枌尾公民館,奈良県川上村大字中奥191,,,,34.301930582143,136.01589229701,
600,E2945200018111,中奥公民館,奈良県川上村大字中奥948-1,,,,34.311764690169,136.03053286023,
601,E2945200019111,東川公民館,奈良県川上村大字東川785-1,1,,,34.371302002316,135.94428666203,
602,E2945200020111,入之波公民館,奈良県川上村大字入之波292-14,,,,34.262131220583,136.0372018059,
603,E2945200021111,伯母谷公民館,奈良県川上村大字伯母谷11,,,,34.265457890022,136.00308837191,
604,E2945200022111,柏木生活改善センター,奈良県川上村大字柏木126-5,,,,34.28695312124,136.00234147147,
605,E2945200023111,白川渡公民館,奈良県川上村大字白川渡149,,,,34.302902560449,135.99932643426,
606,E2945200024111,瀬戸生活改善センター,奈良県川上村大字白川渡269,,,,34.301313362841,136.00128385619,
607,E2945200025111,迫公民館,奈良県川上村大字迫1334-39,,,,34.338274,135.952619,
608,E2945200026111,川上総合センターやまぶきホール（教委）,奈良県川上村大字迫1374-2,1,,,34.333556765497,135.95848290506,
609,E2945200026121,川上総合センターやまぶきホール（社協）,奈良県川上村大字迫1374-2,1,,,34.333556765497,135.95848290506,
610,E2945200028111,宮の平公民館,奈良県川上村大字迫597-2,,,,34.334290912607,135.9578836175,
611,E2945200029111,武木公民館,奈良県川上村大字武木593-1,,,,34.320382199786,135.98929021746,
612,E2945200030111,北塩谷公民館,奈良県川上村大字北塩谷235-13,,,,34.346353,135.954963,
613,E2945200031111,旧川上東小学校,奈良県川上村大字北和田134,1,,,34.292513328527,136.00324996144,
614,E2945200032111,北和田公民館,奈良県川上村大字北和田175,,,,34.292070539145,136.00066613059,
615,E2945200033111,ふれあいセンター,奈良県川上村大字北和田312,1,,,34.294933394205,136.0039353729,
616,E2936100001111,下永体育館,奈良県川西町大字下永1248-1,1,,,34.588595329127,135.79427292285,
617,E2936100002111,川西町中央体育館,奈良県川西町大字結崎1287-1,1,,,34.587037552693,135.77394541085,
618,E2936100003111,保健センター,奈良県川西町大字結崎217-1,1,,,34.583573658576,135.77506008947,
619,E2936100007111,川西小学校,奈良県川西町大字結崎255,1,,,34.584377,135.776962,
620,E2936100005111,ふれあいセンター,奈良県川西町大字唐院122,1,,,34.581266143909,135.7599908429,
621,E2936100006111,梅戸体育館,奈良県川西町大字唐院556,1,,,34.585062823913,135.76604043095,
622,E2938500001111,曽爾村すすき福祉作業所,奈良県曽爾村大字伊賀見2881-1,1,,,34.52960234963,136.14106088037,
623,E2938500002111,伊賀見集落センター,奈良県曽爾村大字伊賀見379,1,,,34.533674656235,136.1437209926,
624,E2938500003111,旧下曽爾小学校体育館,奈良県曽爾村大字伊賀見39,1,,,34.528354674344,136.14265109639,
625,E2938500004111,塩井集落センター,奈良県曽爾村大字塩井908-1,1,,,34.506852066151,136.12797721841,
626,E2938500005111,老人福祉センター,奈良県曽爾村大字塩井991-1,1,,,34.508697372102,136.12695024192,
627,E2938500006111,掛農業集会所,奈良県曽爾村大字掛650,1,,,34.499257441797,136.11372630485,
628,E2938500007111,葛集落センター,奈良県曽爾村大字葛800-1,1,,,34.523322550034,136.13580128519,
629,E2938500008111,曽爾村防災センター,奈良県曽爾村大字今井513-12,1,,,34.510911639454,136.12452614089,
630,E2938500009111,曽爾村振興センター,奈良県曽爾村大字今井513-8,1,,,34.510890198193,136.12485298736,
631,E2938500010111,今井集落センター,奈良県曽爾村大字今井754,1,,,34.513661822867,136.12659171669,
632,E2938500011111,曽爾村児童館,奈良県曽爾村大字山粕1286,1,,,34.489026780182,136.09631356103,
633,E2938500012111,曽爾ふれあいセンター,奈良県曽爾村大字山粕1665,1,,,34.4893207565335,136.099947314037,
634,E2938500013111,小長尾公民館,奈良県曽爾村大字小長尾249-2,1,,,34.509806504442,136.11611429994,
635,E2938500014111,曽爾小中学校体育館,奈良県曽爾村大字小長尾900,1,,,34.512515994962,136.12120671613,
636,E2938500015111,曽爾青少年自然の家,奈良県曽爾村大字太良路1170,1,,,34.522948800782,136.16214289809,
637,E2938600016112,国立曽爾少年自然の家（プレイホール及びクラフトホール）,奈良県曽爾村大字太良路1170,1,,,34.522929,136.162288,
638,E2938600016111,国立曽爾少年自然の家（プレイホール及びクラフトホール）,奈良県曽爾村大字太良路1170,1,,,34.522911,136.162387,
639,E2938500016111,太良路公民館,奈良県曽爾村大字太良路633,1,,,34.524062939503,136.13980754219,
640,E2938500017111,ファームガーデン,奈良県曽爾村大字太良路839,1,,,34.523773148093,136.1502149921,
641,E2938500018111,長野公民館,奈良県曽爾村大字長野1285-3,1,,,34.506346603456,136.11583365652,
642,E2938500019111,曽爾保育園,奈良県曽爾村大字長野140-1,1,,,34.505961523684,136.11665398314,
643,E2938500020111,旧曽爾小学校体育館,奈良県曽爾村大字長野62,1,,,34.506982411907,136.11713710204,
644,E2944200001111,道の駅吉野路大淀ｉセンター,奈良県大淀町芦原536-1,1,,,34.412259618743,135.79694580277,
645,E2944200002111,奥越部老人憩いの家,奈良県大淀町越部548-2,1,,,34.403766,135.806917,
646,E2944200003111,桜ヶ丘総合センター,奈良県大淀町下渕1223,1,,,34.388282635958,135.78756376045,
647,E2944200004111,公民館香梨台分館,奈良県大淀町下渕1640-127,1,,,34.392781390019,135.77425855046,
648,E2944200005111,西町五丁目コミュニティセンター,奈良県大淀町下渕370-2,1,,,34.383293086327,135.78369536778,
649,E2944200006111,県立大淀養護学校体育館,奈良県大淀町下渕414-1,1,,,34.386229241622,135.77614167827,
650,E2944200008111,公民館車坂分館,奈良県大淀町下渕626-22,,,,34.389899780633,135.77971795285,
651,E2944200009111,公民館西町四丁目分館,奈良県大淀町下渕816,1,,,34.385407940015,135.78613789366,
652,E2944200010111,桜ヶ丘小学校,奈良県大淀町下渕959,1,,,34.384225010602,135.79189978965,
653,E2944200011111,西部幼稚園,奈良県大淀町今木779-4,1,,,34.403402080367,135.76400810884,
654,E2944200013111,佐名伝公民館,奈良県大淀町佐名伝303,1,,,34.380956051824,135.76942363969,
655,E2944200014111,増口コミュニティセンター,奈良県大淀町増口14,1,,,34.394737705057,135.841288628,
656,E2944200015111,公民館大岩分館,奈良県大淀町大岩589,1,,,34.416458,135.763878,
657,E2944200036111,奈良県立奈良南高等学校　大淀学舎,奈良県大淀町大字下渕983,1,,,34.383896,135.790691,
658,E2944200016111,東部幼稚園,奈良県大淀町中増61-2,1,,,34.40268726,135.8431886,
659,E2944200017111,緑ヶ丘小学校,奈良県大淀町土田365,1,,,34.390948705657,135.80016711009,
660,E2944200018111,公民館南大和分館,奈良県大淀町土田507-59,1,,,34.393843926822,135.80106741639,
661,E2944200019111,公民館南大和北分館,奈良県大淀町土田507-851,1,,,34.401624304511,135.80328024205,
662,E2944200021111,公民館馬佐分館,奈良県大淀町馬佐664,,,,34.400857869868,135.81763463071,
663,E2944200022111,旭ヶ丘総合センター,奈良県大淀町比曽327-1,1,,,34.398369827494,135.83301567787,
664,E2944200023111,公民館吉野平分館,奈良県大淀町桧垣本1010-326,1,,,34.395347972573,135.7920218014,
665,E2944200024111,大淀中学校,奈良県大淀町桧垣本1581,1,,,34.3861640606,135.79342862532,
666,E2944200025111,町文化会館,奈良県大淀町桧垣本2090,1,,,34.389636096227,135.78958546624,
667,E2944200026111,高見台コミュニティセンター,奈良県大淀町桧垣本2245-144,1,,,34.396353470498,135.7794437077,
668,E2944200027111,平畑体育館,奈良県大淀町桧垣本2445-19,1,,,34.396860734027,135.78719301566,
669,E2944200029111,金吾町北郷コミュニティセンター,奈良県大淀町桧垣本587,1,,,34.403361228594,135.79672340233,
670,E2944200030111,公民館花吉野ガーデンヒルズ分館,奈良県大淀町福神2-89,1,,,34.392745571472,135.74597407134,
671,E2944200031111,公民館花吉野ガーデンヒルズ第２分館,奈良県大淀町福神4-120,1,,,34.397872197666,135.74413784944,
672,E2944200032111,鉾立コミュニティセンター,奈良県大淀町鉾立207-1,1,,,34.417509208549,135.77522349035,
673,E2944200033111,希望ヶ丘小学校,奈良県大淀町北野54-1,1,,,34.397652891513,135.82004410249,
674,E2944200034111,矢走老人憩いの家,奈良県大淀町矢走550-1,1,,,34.408301155417,135.78851080443,
675,E2944200035111,薬水コミュニティセンター,奈良県大淀町薬水340-1,1,,,34.401406055399,135.74562076573,
676,E2920300041111,大和郡山市立治道認定こども園,奈良県大和郡山市横田町254,1,,,34.623691,135.805797,
677,E2920300041112,大和郡山市立治道小学校,奈良県大和郡山市横田町254,1,,,34.623903,135.805883,
678,E2920300042111,大和郡山市立治道地区公民館,奈良県大和郡山市横田町261-1,1,,,34.623444,135.806613,
679,E2920300043112,大和郡山市立昭和小学校,奈良県大和郡山市額田部北町555,1,,,34.608282,135.780038,
680,E2920300044111,大和郡山市額田部運動公園施設,奈良県大和郡山市額田部北町642,1,,,34.606358,135.775942,
681,E2920300045111,大和郡山市民交流館,奈良県大和郡山市高田町92-16,1,,,34.647508,135.790584,
682,E2920300046111,大和郡山市立矢田南幼稚園,奈良県大和郡山市山田町82,1,,,34.630683,135.745136,
683,E2920300047111,大和郡山市立矢田南小学校,奈良県大和郡山市山田町83,1,,,34.631487,135.743671,
684,E2920300048111,大和郡山市立郡山東中学校,奈良県大和郡山市若槻町134-2,1,,,34.63568,135.797558,
685,E2920300049111,大和郡山市立平和地区公民館,奈良県大和郡山市若槻町4-4,1,,,34.639352,135.800605,
686,E2920300050111,大和郡山市立片桐地区公民館,奈良県大和郡山市小泉町105-1,1,,,34.62945,135.76343,
687,E2920300051111,大和郡山市立片桐西小学校,奈良県大和郡山市小泉町1618,1,,,34.630542,135.75593,
688,E2920300052111,大和郡山市立片桐西幼稚園,奈良県大和郡山市小泉町1658,1,,,34.630489,135.755222,
689,E2920300053111,大和郡山市立片桐中学校,奈良県大和郡山市小泉町173-1,1,,,34.628441,135.761073,
690,E2920300039121,大和郡山市老人福祉センター,奈良県大和郡山市植槻町3-11,1,,要配慮者,34.653898,135.779705,
691,E2920300040121,大和郡山市社会福祉会館,奈良県大和郡山市植槻町3-8,1,,要配慮者,34.65352902,135.7799317,
692,E2920300054111,大和郡山市立筒井幼稚園,奈良県大和郡山市丹後庄町177-3,1,,,34.62611,135.783095,
693,E2920300075121,奈良県立盲学校,奈良県大和郡山市丹後庄町222-1,1,,,34.625168,135.787003,
694,E2920300076121,奈良県立ろう学校,奈良県大和郡山市丹後庄町456,1,,,34.625168,135.787003,
695,E2920300055111,大和郡山市立片桐小学校,奈良県大和郡山市池ノ内町117,1,,,34.6301,135.764985,
696,E2920300056111,大和郡山市立片桐幼稚園,奈良県大和郡山市池之内町167,1,,,34.629235,135.764942,
697,E2920300057111,大和郡山市立郡山西小学校,奈良県大和郡山市田中町632,1,,,34.648496,135.770135,
698,E2920300058111,大和郡山市立郡山西幼稚園,奈良県大和郡山市田中町723,1,,,34.647931,135.769427,
699,E2920300059111,大和郡山市立郡山西中学校,奈良県大和郡山市田中町767,1,,,34.643783,135.764577,
700,E2920300060111,大和郡山市立筒井小学校,奈良県大和郡山市筒井町120,1,,,34.627062,135.781855,
701,E2920300061111,大和郡山市立郡山南中学校,奈良県大和郡山市筒井町398,1,,,34.623691,135.778653,
702,E2920300062111,大和郡山市立南部公民館,奈良県大和郡山市筒井町600-4,1,,,34.620601,135.779426,
703,E2920300063111,大和郡山市立中央公民館,奈良県大和郡山市南郡山町529-1,1,,,34.648267,135.782258,
704,E2920300064111,大和郡山市立昭和地区公民館,奈良県大和郡山市馬司町331-56,1,,,34.610002,135.781074,
705,E2920300065111,大和郡山市立平和小学校,奈良県大和郡山市美濃庄町262,1,,,34.639493,135.805111,
706,E2920300066111,大和郡山市立平和認定こども園,奈良県大和郡山市美濃庄町533,1,,,34.640874,135.80719,
707,E2920300067111,大和郡山市立郡山北幼稚園,奈良県大和郡山市北郡山町115,1,,,34.654586,135.786271,
708,E2920300067112,大和郡山市立郡山北小学校,奈良県大和郡山市北郡山町115,1,,,34.653756,135.786872,
709,E2920300068111,やまと郡山城ホール,奈良県大和郡山市北郡山町211-3,1,,,34.652309,135.782366,
710,E2920300069111,大和郡山市総合公園多目的体育館,奈良県大和郡山市矢田山町2,1,,,34.64626,135.745885,
711,E2920300070111,大和郡山市矢田コミュニティ会館,奈良県大和郡山市矢田町4547,1,,,34.647921,135.746952,
712,E2920300071111,大和郡山市立矢田認定こども園,奈良県大和郡山市矢田町774,1,,,34.648231,135.754763,
713,E2920300072111,大和郡山市立矢田小学校,奈良県大和郡山市矢田町966-2,1,,,34.651956,135.749106,
714,E2920300073111,大和郡山市立郡山中学校,奈良県大和郡山市柳町404,1,,,34.654339,135.771508,
715,E2920300074112,大和郡山市立郡山南小学校,奈良県大和郡山市柳町85,1,,,34.645672,135.787129,
716,E2920300074111,大和郡山市立郡山南幼稚園,奈良県大和郡山市柳町85,1,,,34.645548,135.786164,
717,E2920200001111,片塩小学校,奈良県大和高田市旭北町2-1,1,,,34.511951769736,135.74747520702,
718,E2920200002111,武道館,奈良県大和高田市幸町11-14,1,,,34.517772717066,135.7476210655,
719,E2920200003111,市立高田商業高等学校,奈良県大和高田市材木町8-3,1,,,34.518047893744,135.75575272179,
720,E2920200004111,浮孔西小学校,奈良県大和高田市曽大根1-5-1,1,,,34.499259466561,135.73936621089,
721,E2920200005111,菅原校区公民館,奈良県大和高田市大字吉井77-1,1,,,34.486242695705,135.75605815293,
722,E2920200006111,菅原小学校,奈良県大和高田市大字根成柿436,1,,,34.482871911777,135.75837401467,
723,E2920200007111,総合公園コミュニティプール,奈良県大和高田市大字西坊城414,1,,,34.491317188943,135.74754141093,
724,E2920200008111,葛城コミュニティセンター,奈良県大和高田市大字曽大根783-1,1,,,34.495769576086,135.74370647655,
725,E2920200009111,陵西小学校,奈良県大和高田市大字池田3,1,,,34.519208178797,135.72461147317,
726,E2920200010111,高田西中学校,奈良県大和高田市大字池田330,1,,,34.516620948942,135.72938293983,
727,E2920200011111,総合福祉会館（ゆうゆうセンター）,奈良県大和高田市大字池田418-1,1,,,34.519392896673,135.73154976116,
728,E2920200013111,磐園小学校,奈良県大和高田市大字有井1,1,,,34.518524013432,135.73901766591,
729,E2920200014111,高田小学校,奈良県大和高田市大中東町5-15,1,,,34.513151984129,135.74023290977,
730,E2920200015111,高田中学校,奈良県大和高田市大中東町5-48,1,,,34.513316753913,135.73891757153,
731,E2920200016111,浮孔小学校,奈良県大和高田市中三倉堂2-5-43,1,,,34.502168458787,135.74578741832,
732,E2920200017111,片塩中学校,奈良県大和高田市中三倉堂2-9-28,1,,,34.501069784667,135.74612730893,
733,E2920200018111,土庫小学校,奈良県大和高田市土庫3-2-61,1,,,34.521197939067,135.75586367719,
734,E2921100074113,奈良文化高等学校高校体育館,奈良県大和高田市東中127,,,,34.499643,135.729478,
735,E2921100074112,奈良文化高等学校静ホール,奈良県大和高田市東中127,,,,34.501181,135.731454,
736,E2921100074111,奈良文化高等学校リズム館,奈良県大和高田市東中127,,,,34.500234308708,135.72894918131,
737,E2920200019111,文化会館（さざんかホール）,奈良県大和高田市本郷町6-36,1,,,34.513734448574,135.74415423717,
738,E2920200020111,県立高田高等学校,奈良県大和高田市礒野東町6-6,1,,,34.509046955601,135.73963976206,
739,E2944600010111,天川村山村開発センター,奈良県天川村大字沢谷60,,,,34.2418258482,135.855703459,
740,E2944600011111,天川小中学校,奈良県天川村大字沢谷92,,,,34.240118604608,135.854247192746,
741,E2944600011121,天川小中学校,奈良県天川村大字沢谷92,,,要配慮者,34.240262451,135.854179975859,
742,E2944600012111,天川村立体育館,奈良県天川村大字洞川400,,,,34.2695919865,135.884425246,
743,E2944600013121,ほほえみポート天川,奈良県天川村大字南日裏200,,,要配慮者,34.227850241718,135.841197585646,
744,E2944600013111,ほほえみポート天川,奈良県天川村大字南日裏200,,,,34.2277311191,135.8410558,
745,E2944600014111,ふるさとセンターつどい,奈良県天川村大字籠山100,,,,34.194651900478,135.80253472192,
746,E2920400001111,奈良県立二階堂養護学校,奈良県天理市庵治町358-1,1,,,34.578338505882,135.7964789562,
747,E2920400002111,天理市立式上公民館,奈良県天理市遠田町45-9,1,,,34.558562114853,135.82540758179,
748,E2920400003111,天理市立嘉幡保育所,奈良県天理市嘉幡町425,1,,,34.588656012207,135.79706330533,
749,E2920400004111,天理市立二階堂体育館,奈良県天理市嘉幡町520,1,,,34.591652303352,135.7962553175,
750,E2920400004112,天理市立二階堂公民館,奈良県天理市嘉幡町520,1,,,34.591391753554,135.79627677517,
751,E2920400005121,特別養護老人ホームひびきの郷,奈良県天理市岸田町1199,,,要配慮者,34.566201505096,135.82429234755,
752,E2920400006111,天理市立丹波市南こども園,奈良県天理市勾田町92,1,,,34.589796505218,135.8381876704,
753,E2920400007111,奈良県立二階堂高等学校,奈良県天理市荒蒔町100-1,1,,,34.600052112004,135.80516024228,
754,E2920400008112,天理市立山の辺幼稚園,奈良県天理市三島町140-1,1,,,34.60378552784,135.83735637853,
755,E2920400008111,天理市立三島体育館,奈良県天理市三島町140-1,1,,,34.603489692411,135.83691649625,
756,E2920400009111,天理市立朝和公民館,奈良県天理市三昧田町460-3,1,,,34.575331579931,135.84081005765,
757,E2920400010111,天理市立やまだこども園,奈良県天理市山田町1560,1,,,34.627531054125,135.93782211342,
758,E2920400011111,天理市立前栽こども園,奈良県天理市杉本町243-1,1,,,34.603395870639,135.81652009895,
759,E2920400012111,天理市立前栽公民館,奈良県天理市杉本町351-3,1,,,34.598978040736,135.81689949171,
760,E2920400013111,天理市立朝和幼稚園,奈良県天理市成願寺町386,1,,,34.571071006398,135.84275755279,
761,E2920400014111,天理市立朝和小学校,奈良県天理市成願寺町420,1,,,34.572138545118,135.84229424766,
762,E2920400015111,天理市立井戸堂公民館,奈良県天理市西井戸堂町122-4,1,,,34.581977266907,135.81710200577,
763,E2920400016111,天理市立井戸堂小学校,奈良県天理市西井戸堂町301,1,,,34.587192139177,135.81469461331,
764,E2920400017111,天理市立井戸堂幼稚園,奈良県天理市西井戸堂町406,1,,,34.587739108358,135.81446507853,
765,E2920400018111,天理市立総合体育館,奈良県天理市西長柄町595,1,,,34.575613625583,135.82028878538,
766,E2920400020111,天理市立北中学校,奈良県天理市石上町777,1,,,34.612931319358,135.83600314787,
767,E2920400021111,天理市民会館,奈良県天理市川原城町739,1,,,34.598041983032,135.83261744479,
768,E2920400023111,天理市立前栽小学校,奈良県天理市前栽町329,1,,,34.598491696093,135.8188293545,
769,E2920400025111,天理市立丹波市小学校,奈良県天理市丹波市町180,1,,,34.594776755673,135.83021140135,
770,E2920400026111,天理市立丹波市公民館,奈良県天理市丹波市町285-2,1,,,34.596205255034,135.83410773306,
771,E2920400027121,介護老人福祉施設清寿苑,奈良県天理市中之庄町532-1,,,要配慮者,34.636509794892,135.84270624979,
772,E2920400028111,天理市立中央保育所,奈良県天理市田部町553,1,,,34.603102435621,135.8293938719,
773,E2920400029111,天理市立西中学校,奈良県天理市二階堂上ノ庄町210-1,1,,,34.599990292954,135.80315931436,
774,E2920400030111,天理市立二階堂幼稚園,奈良県天理市二階堂南菅田町38-1,1,,,34.593481479204,135.79479721745,
775,E2920400031111,天理市立二階堂小学校,奈良県天理市二階堂南菅田町640-1,1,,,34.594591111593,135.79573048116,
776,E2920400032111,天理市立福住小中学校,奈良県天理市福住町1954-1,1,,,34.613328963025,135.9175458373,
777,E2920400033111,天理市立福住公民館,奈良県天理市福住町2025-1,1,,,34.61149927809,135.91566326303,
778,E2920400034111,旧天理市立福住中学校,奈良県天理市福住町2105,1,,,34.612814310513,135.91440787982,
779,E2920400035111,高原地域振興館,奈良県天理市福住町3902,1,,,34.608864932832,135.91128031191,
780,E2920400036111,旧天理市立福祉センター,奈良県天理市福住町4890,1,,,34.605649877075,135.90257961245,
781,E2920400037121,特別養護老人ホームやすらぎ園,奈良県天理市福住町5504,,,要配慮者,34.598299512126,135.90898329552,
782,E2920400038121,特別養護老人ホーム福住光明苑,奈良県天理市福住町6328,,,要配慮者,34.605013208946,135.91813332338,
783,E2920400039111,天理市立南中学校,奈良県天理市兵庫町336-2,1,,,34.571699817521,135.83449366171,
784,E2920400040111,天理市立山の辺小学校,奈良県天理市別所町380,1,,,34.60913219435,135.83734356124,
785,E2920400041111,天理市立東部公民館,奈良県天理市豊井町87,1,,,34.601930534615,135.85102070396,
786,E2920400042111,天理市立柳本公民館,奈良県天理市柳本町1127,1,,,34.559391113138,135.84372485365,
787,E2920400043111,天理市立柳本小学校,奈良県天理市柳本町1213,1,,,34.558859715737,135.84390439754,
788,E2920400044111,天理市トレイルセンター,奈良県天理市柳本町577-1,1,,,34.560274330292,135.84916459286,
789,E2920400045111,天理市障害者ふれあいセンター,奈良県天理市柳本町719,1,,,34.5606324727,135.84404444603,
790,E2920400046111,天理市立柳本幼稚園,奈良県天理市柳本町891-2,1,,,34.561332244854,135.83568990891,
791,E2920400047111,奈良県立添上高等学校,奈良県天理市櫟本町1532-2,1,,,34.620938236304,135.82315748134,
792,E2920400054111,天理市立櫟本北こども園,奈良県天理市櫟本町1765-1,1,,,34.622724,135.817863,
793,E2920400048111,天理市立櫟本幼稚園,奈良県天理市櫟本町2066,1,,,34.623149939497,135.82897105057,
794,E2920400049111,天理市立櫟本小学校,奈良県天理市櫟本町2426-1,1,,,34.620208716519,135.83088414394,
795,E2920400050111,天理市立櫟本公民館,奈良県天理市櫟本町2460-1,1,,,34.619774146095,135.83287008399,
796,E2936300001111,磯城野高等学校,奈良県田原本町258,1,,,34.555159782382,135.78786625202,
797,E2936300002111,田原本中学校,奈良県田原本町33,1,,,34.550905108361,135.79416523116,
798,E2936300003111,高等養護学校,奈良県田原本町宮森34-1,1,,,34.536950005623,135.79148033344,
799,E2936300004111,やすらぎ体育館,奈良県田原本町金剛寺58-2,1,,,34.552827574729,135.76974676465,
800,E2936300005111,北小学校,奈良県田原本町鍵155,1,,,34.566930593747,135.80057333921,
801,E2936300006111,北中学校,奈良県田原本町鍵71,1,,,34.565309341671,135.795445756,
802,E2936300007111,田原本青垣生涯センター,奈良県田原本町阪手233-1,1,,,34.557653666689,135.80227540476,
803,E2936300008111,田原本町社会福祉協議会,奈良県田原本町阪手336-1,1,,,34.556031015866,135.79773754889,
804,E2936300009111,田原本小学校,奈良県田原本町新町48,1,,,34.558379427493,135.7911883116,
805,E2936300010111,奈良県立教育研究所,奈良県田原本町秦庄22-1,1,,,34.539385075234,135.78984380795,
806,E2936300011111,南小学校,奈良県田原本町千代306,1,,,34.541124944459,135.79611630451,
807,E2936300012111,東小学校,奈良県田原本町大木1-1,1,,,34.548825700485,135.81432226359,
808,E2936300013111,中央体育館,奈良県田原本町平田46,1,,,34.556087862906,135.80970650981,
809,E2936300014111,平野小学校,奈良県田原本町平野62-3,1,,,34.549864072346,135.77405403991,
810,E2945300001111,伊豆尾なごみホール,奈良県東吉野村大字伊豆尾234,,,,34.415155032563,136.01823884864,
811,E2945300002112,光蔵寺,奈良県東吉野村大字伊豆尾544,,,,34.411375,136.01891,
812,E2945300003111,旧四郷小学校体育館,奈良県東吉野村大字三尾51-1,1,,,34.377016484792,135.99344124671,
813,E2945300004111,藏心寺,奈良県東吉野村大字三尾908,,,,34.380824021667,135.98973443386,
814,E2945300005111,三尾区民センター,奈良県東吉野村大字三尾92-1,,,,34.376491971454,135.99463242112,
815,E2945300006111,東吉野こども園,奈良県東吉野村大字小223,1,,,34.395850777443,135.97260679143,
816,E2945300007111,東吉野村奉仕活動リハビリセンター,奈良県東吉野村大字小670,1,,,34.392095355167,135.98173754802,
817,E2945300008111,小公民館,奈良県東吉野村大字小686,,,,34.391406050755,135.98026098632,
818,E2945300009111,天照寺,奈良県東吉野村大字小754,,,,34.392297804909,135.98272727892,
819,E2945300010111,小栗栖交流センター,奈良県東吉野村大字小栗栖115,,,,34.394770731663,135.96215945796,
820,E2945300011111,東禅寺,奈良県東吉野村大字小栗栖197,,,,34.396592105012,135.95913841317,
821,E2945300012111,東吉野中学校体育館,奈良県東吉野村大字小栗栖825,1,,,34.395877356927,135.9601746233,
822,E2945300013111,東吉野村中央公民館,奈良県東吉野村大字小川475,,,,34.401945714227,135.97185260304,
823,E2945300014111,宝泉寺,奈良県東吉野村大字小川588,,,,34.402345885236,135.97116642076,
824,E2945300015111,東吉野小学校体育館,奈良県東吉野村大字小川604,1,,,34.402797349241,135.97076408941,
825,E2945300016111,小川生活改善センター,奈良県東吉野村大字小川708,,,,34.404508594315,135.9699653703,
826,E2945300017111,東吉野村住民ホール,奈良県東吉野村大字小川99,1,,,34.403300643763,135.96845916789,
827,E2945300018111,天理教勢和分教会,奈良県東吉野村大字杉谷1320,,,,34.424228413982,136.04359375126,
828,E2945300019111,杉谷交流センター,奈良県東吉野村大字杉谷368-1,,,,34.419222126999,136.06175745439,
829,E2945300020111,汲泉寺,奈良県東吉野村大字大豆生343,,,,34.380467296556,136.01999279299,
830,E2945300021111,大豆生公民館,奈良県東吉野村大字大豆生503,,,,34.378128343562,136.01618118654,
831,E2945300022111,ふるさと村,奈良県東吉野村大字大豆生739,1,,,34.376363588144,136.01957769839,
832,E2945300023111,白馬寺,奈良県東吉野村大字瀧野503,,,,34.462777220595,136.05891141149,
833,E2945300024111,谷尻公民館,奈良県東吉野村大字谷尻259-1,,,,34.451933184566,136.0338404147,
834,E2945300025111,宝城院,奈良県東吉野村大字谷尻318,,,,34.446613068237,136.03143029347,
835,E2945300026111,東吉野村運動公園体育館,奈良県東吉野村大字中黒1222,1,,,34.380956575379,135.94226101277,
836,E2945300027111,中黒公民館,奈良県東吉野村大字中黒406,,,,34.393972877946,135.94815359534,
837,E2945300028111,興禅寺,奈良県東吉野村大字中黒414,,,,34.394706574939,135.94756890762,
838,E2945300029111,日裏区集会所,奈良県東吉野村大字日裏13,,,,34.400410604194,136.0261672311,
839,E2945300030111,明光寺,奈良県東吉野村大字萩原43,,,,34.414888934066,135.99965830896,
840,E2945300031111,平野公民館,奈良県東吉野村大字平野896,1,,,34.439456838255,136.0596514925,
841,E2945300032111,福円寺,奈良県東吉野村大字平野977,,,,34.439077688761,136.05833795538,
842,E2945300046121,あいの家多機能ホームサテライト,奈良県東吉野村大字木津163,,,要配慮者等,34.42397,136.034414,
843,E2945300033111,木津ふれあいセンター,奈良県東吉野村大字木津298,,,,34.423673534435,136.03214868196,
844,E2945300034111,旧高見小学校体育館,奈良県東吉野村大字木津319,1,,,34.423149332881,136.03086331628,
845,E2945300045121,あいの家多機能ホーム,奈良県東吉野村大字木津81-1,,,要配慮者等,34.422638,136.038603,
846,E2945300035111,円覚寺,奈良県東吉野村大字木津川304,,,,34.398152538826,135.99238898339,
847,E2945300036111,木津川交流センター,奈良県東吉野村大字木津川311,,,,34.400325067017,135.99431775868,
848,E2945300038111,龍泉寺,奈良県東吉野村大字鷲家256,,,,34.423158227315,135.99361806473,
849,E2945300039112,鷲家集会センター,奈良県東吉野村大字鷲家95,1,,,34.423083,135.98885,
850,E2945300040112,厳泉寺,奈良県東吉野村大字狹戸373,,,,34.377171600845,135.99974285543,
851,E2945300040111,狭戸区集会所,奈良県東吉野村大字狹戸373,,,,34.376959082451,135.99973749102,
852,E2945300041111,龍淵寺,奈良県東吉野村大字麥谷163,,,,34.370565568664,136.02917741715,
853,E2945300042111,麦谷公民館,奈良県東吉野村大字麥谷211,,,,34.369144229563,136.0283566612,
854,E2945300043111,禅昌寺,奈良県東吉野村大字麥谷586,,,,34.378375861554,136.040018906,
855,E2945300044111,大又生活改善センター,奈良県東吉野村大字麥谷909-1,,,,34.375900909925,136.02730523527,
856,E2920100001111,あやめ池小学校,奈良県奈良市あやめ池南9-939-39,1,,,34.69276574525,135.75797275055,
857,E2920100002111,近畿大学附属小学校,奈良県奈良市あやめ池北1-33-3,1,,,34.699388864896,135.7618928601,
858,E2920100003111,南人権文化センター,奈良県奈良市杏町401-1,1,,,34.66140135,135.8005511,
859,E2920100004111,北部会館（市民文化ホール）,奈良県奈良市右京1-1-4,1,,,34.721902601292,135.79120363789,
860,E2920100007111,右京コミュニティスポーツ会館,奈良県奈良市右京4-11-1,1,,,34.72167293,135.7864337,
861,E2920100009111,横井児童館,奈良県奈良市横井5-337-2,1,,,34.65071666,135.8301141,
862,E2920100010111,田原小学校,奈良県奈良市横田町199-1,1,,,34.659376690714,135.91129350132,
863,E2920100011111,田原中学校,奈良県奈良市横田町295-1,1,,,34.659855443507,135.912328834,
864,E2920100012111,興東公民館狭川分館,奈良県奈良市下狭川町3109-2,1,,,34.73504709,135.912975,
865,E2920100013111,二名公民館,奈良県奈良市学園赤松町3684,1,,,34.705229308086,135.73812545585,
866,E2920100014111,私立帝塚山大学（学園前キャンパス）,奈良県奈良市学園南3-1-3,1,,,34.695628862254,135.75036623567,
867,E2920100015112,西部会館（市民ホール）,奈良県奈良市学園南3-1-5,1,,,34.6967253,135.7502511,
868,E2920100015111,西部公民館,奈良県奈良市学園南3-1-5,1,,,34.69663629,135.7502448,
869,E2920100016111,飛鳥小学校,奈良県奈良市紀寺町785,1,,,34.67500639,135.8359357,
870,E2920100017111,飛鳥公民館,奈良県奈良市紀寺町984,1,,,34.67579699646,135.83533847757,
871,E2920100018111,興隆寺町公民館,奈良県奈良市興隆寺町356-2,1,,,34.62612409483,135.87618359804,
872,E2920100019112,月ヶ瀬小中学校及び月ヶ瀬体育館,奈良県奈良市月ヶ瀬尾山2551,1,,,34.711220780861,136.04391141666,
873,E2920100019111,月ヶ瀬小中学校及び月ヶ瀬体育館,奈良県奈良市月ヶ瀬尾山2551,1,,,34.711220780861,136.04391141666,
874,E2920100194111,月ヶ瀬公民館,奈良県奈良市月ヶ瀬尾山2815,,,,34.71032079,136.0443247,
875,E2920100021111,東人権文化センター,奈良県奈良市古市町1226,1,,,34.663345,135.83472,
876,E2920100022111,古市児童館,奈良県奈良市古市町1263,1,,,34.66150937711,135.83476809391,
877,E2920100023111,東市小学校,奈良県奈良市古市町268,1,,,34.65612446,135.8419301,
878,E2920100025111,都跡公民館,奈良県奈良市五条町204-1,1,,,34.675095545512,135.78913372189,
879,E2920100026111,奈良教育大学,奈良県奈良市高畑町,1,,,34.674549545554,135.84256296624,
880,E2920100027111,飛鳥中学校,奈良県奈良市高畑町1475-1,1,,,34.67537561,135.8491484,
881,E2920100028111,南部公民館精華分館,奈良県奈良市高樋町640-1,1,,,34.63331181,135.8537978,
882,E2920100032111,佐保台小学校,奈良県奈良市佐保台3-902-341,1,,,34.71006304,135.8166795,
883,E2920100033111,左京小学校,奈良県奈良市左京3-1-1,1,,,34.71399619,135.8058945,
884,E2920100034111,鼓阪小学校,奈良県奈良市雑司町97,1,,,34.69236708,135.8359525,
885,E2920100035111,富雄中学校,奈良県奈良市三碓2-3-12,1,,,34.689625057105,135.73599008101,
886,E2920100036111,育英西中学校・高等学校,奈良県奈良市三松4-637-1,1,,,34.702895005536,135.72808166782,
887,E2920100037111,奈良女子高等学校,奈良県奈良市三条宮前町3-6,1,,,34.681500971162,135.81482531943,
888,E2920100038111,なら１００年会館,奈良県奈良市三条宮前町7-1,1,,,34.68028592002,135.8166214451,
889,E2920100039111,三笠中学校,奈良県奈良市三条川西町3-1,1,,,34.680159370368,135.80633683106,
890,E2920100040111,南部公民館,奈良県奈良市山町27-1,1,,,34.64375013,135.8287365,
891,E2920100041111,関西文化芸術高等学校,奈良県奈良市山陵町1179,1,,,34.711513342229,135.78686156067,
892,E2920100042111,学校法人東大寺学園,奈良県奈良市山陵町1375,1,,,34.712921454992,135.78886398445,
893,E2920100043111,学校法人奈良大学,奈良県奈良市山陵町1500,1,,,34.714958914592,135.78351279364,
894,E2920100044111,都跡小学校,奈良県奈良市四条大路5-6-1,1,,,34.68057213,135.7882397,
895,E2920100045111,大安寺西地域ふれあい会館,奈良県奈良市四条大路南町1-22,1,,,34.677078045948,135.80653616506,
896,E2920100046111,奈良東国際介護福祉学院,奈良県奈良市鹿野園町806,1,,,34.664072,135.844386,
897,E2920100047111,県立奈良東養護学校（体育館）,奈良県奈良市七条2-670,1,,,34.664234372514,135.77777008829,
898,E2920100048111,県立奈良養護学校（体育館）,奈良県奈良市七条町135,1,,,34.662670365536,135.7910326455,
899,E2920100049111,帯解小学校,奈良県奈良市柴屋町9,1,,,34.64474334,135.829,
900,E2920100050111,県立奈良高等学校,奈良県奈良市朱雀2-11,1,,,34.71932979548,135.79376517029,
901,E2920100052111,朱雀小学校,奈良県奈良市朱雀6-10-1,1,,,34.716189777145,135.79799749007,
902,E2920100053111,平城東中学校,奈良県奈良市朱雀6-11,1,,,34.71547528224,135.79996098412,
903,E2920100054111,平城東公民館,奈良県奈良市朱雀6-9-1,1,,,34.71603493,135.7972643,
904,E2920100055111,平城中学校,奈良県奈良市秋篠町1333,1,,,34.709008928011,135.77371654596,
905,E2920100056111,平城小学校,奈良県奈良市秋篠町1394,1,,,34.710994366471,135.77830296263,
906,E2920100057111,平城公民館,奈良県奈良市秋篠町1468,1,,,34.70621243,135.7776193,
907,E2920100058111,私立奈良大学附属高等学校,奈良県奈良市秋篠町50,1,,,34.707629761633,135.78046475915,
908,E2920100059111,中部公民館,奈良県奈良市上三条町23-4,1,,,34.682271855376,135.8258327758,
909,E2920100060111,ならやま中学校,奈良県奈良市神功2-1,1,,,34.71966828,135.7803715,
910,E2920100060112,ならやま小学校,奈良県奈良市神功2-1,1,,,34.719524,135.781097,
911,E2920100061112,ならやま小学校,奈良県奈良市神功2-2,1,,,34.719524,135.781097,
912,E2920100062111,平城西公民館,奈良県奈良市神功4-25,1,,,34.720632,135.777422,
913,E2920100195111,（旧）六郷小学校,奈良県奈良市針ヶ別所町820,1,,,34.62522636,135.9719169,
914,E2920100064111,都祁公民館,奈良県奈良市針町2191,1,,,34.612653590303,135.95584703422,
915,E2920100065111,都祁中学校,奈良県奈良市針町2554,1,,,34.606498487033,135.95421224536,
916,E2920100066111,興東小学校,奈良県奈良市須川町1424,1,,,34.717391349228,135.91190561656,
917,E2920100067111,東里地域ふれあい会館,奈良県奈良市須川町776,1,,,34.716261140732,135.91023333377,
918,E2920100068111,（旧）水間小学校,奈良県奈良市水間町450-2,1,,,34.67177334,135.9451116,
919,E2920100070111,伏見小学校,奈良県奈良市菅原町370,1,,,34.68791873,135.7745579,
920,E2920100071111,辰市小学校,奈良県奈良市西九条町1-7-1,1,,,34.65903398,135.8068453,
921,E2920100197111,三碓小学校,奈良県奈良市西千代ヶ丘1-20-9,1,,,34.68344401,135.7416389,
922,E2920100073111,西大寺北小学校,奈良県奈良市西大寺赤田町1-6-1,1,,,34.699136337815,135.77332449702,
923,E2920100074111,西大寺北地域ふれあい会館,奈良県奈良市西大寺東町1-1-15,1,,,34.69618856587,135.78355458658,
924,E2920100076111,伏見中学校,奈良県奈良市西大寺野神町1-6-1,1,,,34.695914822856,135.77401997387,
925,E2920100198111,登美ヶ丘小学校,奈良県奈良市西登美ヶ丘4-21-1,1,,,34.71983448812,135.73933673924,
926,E2920100078111,（旧）男女共同参画センター,奈良県奈良市西之阪町12,1,,,34.683279286556,135.82252084341,
927,E2920100079111,大宮児童館,奈良県奈良市西之阪町5-1,1,,,34.6826266,135.8225941,
928,E2920100080111,済美小学校,奈良県奈良市西木辻町5-2,1,,,34.67497878,135.8237695,
929,E2920100081111,春日中学校,奈良県奈良市西木辻町67,1,,,34.67363619046,135.82013337863,
930,E2920100083111,鼓阪北小学校,奈良県奈良市青山9-3-1,1,,,34.70868597,135.8374715,
931,E2920100084111,伏見公民館,奈良県奈良市青野町2-13-4,1,,,34.689489391208,135.7741467119,
932,E2920100085111,北人権・コミュニティセンター,奈良県奈良市川上町418-1,1,,,34.696255407032,135.83704643567,
933,E2920100086111,東之阪児童館,奈良県奈良市川上町461-1,1,,,34.69689026,135.8360158,
934,E2920100087111,若草公民館,奈良県奈良市川上町575,1,,,34.69254027,135.8324171,
935,E2920100088111,公立大学法人奈良県立大学,奈良県奈良市船橋町10,1,,,34.687553237717,135.8210246693,
936,E2920100089111,大安寺小学校,奈良県奈良市大安寺2-15-1,1,,,34.66886173,135.81146,
937,E2920100090111,大安寺西小学校,奈良県奈良市大安寺西1-342,1,,,34.674170058098,135.80565912301,
938,E2920100091111,大宮小学校,奈良県奈良市大宮町4-223-1,1,,,34.68372113,135.8111499,
939,E2920100092111,三笠公民館,奈良県奈良市大宮町4-313-3,1,,,34.6829478684,135.8086739236,
940,E2920100093111,興東公民館大平尾分館,奈良県奈良市大平尾町471,1,,,34.682932553613,135.92651157952,
941,E2920100094111,興東公民館,奈良県奈良市大柳生町3633,1,,,34.70731613,135.9289142,
942,E2920100095111,（旧）興東中学校,奈良県奈良市大柳生町4736,1,,,34.716251714597,135.92221191153,
943,E2920100096111,興東館柳生中学校,奈良県奈良市大柳生町832,1,,,34.712797287061,135.93390383217,
944,E2920100098111,柳生地域ふれあい会館,奈良県奈良市丹生町847,1,,,34.69654833,135.9666433,
945,E2920100099111,登美ヶ丘南公民館,奈良県奈良市中山町西2-921-1,1,,,34.71314654,135.7546335,
946,E2920100100111,近畿大学農学部,奈良県奈良市中町3327-204,1,,,34.672103117293,135.73204401321,
947,E2920100101111,富雄南小学校,奈良県奈良市中町4185,1,,,34.674500281294,135.74948388475,
948,E2920100102111,富雄南公民館,奈良県奈良市中町501-3,1,,,34.67859221,135.7504538,
949,E2920100199111,登美ヶ丘公民館,奈良県奈良市中登美ヶ丘3-4162-81,1,,,34.7197633,135.7485647,
950,E2920100106111,中畑町公民館,奈良県奈良市中畑町1276,1,,,34.625772189417,135.88807346461,
951,E2920100107111,富雄公民館,奈良県奈良市鳥見町2-9,1,,,34.68926653,135.7268453,
952,E2920100108111,鳥見小学校,奈良県奈良市鳥見町3-11-2,1,,,34.695184307134,135.72513799421,
953,E2920100109111,椿井小学校,奈良県奈良市椿井町25,1,,,34.68055564,135.8282022,
954,E2920100110111,鶴舞小学校,奈良県奈良市鶴舞東町2-1,1,,,34.70646741,135.7529905,
955,E2920100111111,私立帝塚山大学（東生駒キャンパス）,奈良県奈良市帝塚山7-1-1,1,,,34.686250870093,135.72243208465,
956,E2920100112111,県立奈良西養護学校（体育館）,奈良県奈良市帝塚山西2-1-1,1,,,34.679379477276,135.72534895137,
957,E2920100113111,富雄第三小中学校,奈良県奈良市帝塚山南2-11-1,1,,,34.67566405,135.7327871,
958,E2920100115111,（旧）吐山小学校,奈良県奈良市都祁吐山町3939,1,,,34.57405055,135.9651165,
959,E2920100116111,都祁小学校,奈良県奈良市都祁白石町974,1,,,34.60478119,135.9589696,
960,E2920100117111,県立山辺高等学校,奈良県奈良市都祁友田町937,1,,,34.596391447434,135.9380630992,
961,E2920100118111,奈良女子大学附属中等教育学校,奈良県奈良市東紀寺町1-60-1,1,,,34.673293014526,135.83763224437,
962,E2920100119111,ならまちセンター（市民文化ホール）,奈良県奈良市東寺林町38,1,,,34.679900034875,135.83140372089,
963,E2920100200111,登美ヶ丘中学校,奈良県奈良市東登美ヶ丘3-1059,1,,,34.71366843,135.7619975,
964,E2920100201111,東登美ヶ丘小学校,奈良県奈良市東登美ヶ丘4-21-33,1,,,34.72045364,135.7562803,
965,E2920100123111,富雄南中学校,奈良県奈良市藤ノ木台1-5-13,1,,,34.681994469915,135.75324661739,
966,E2920100124111,都南中学校,奈良県奈良市南永井町98-1,1,,,34.648677350872,135.82392351934,
967,E2920100125111,春日公民館,奈良県奈良市南京終町1-86-1,1,,,34.67191000364,135.82249373305,
968,E2920100126111,済美南小学校,奈良県奈良市南京終町676,1,,,34.66409237935,135.82146247151,
969,E2920100127111,二名中学校,奈良県奈良市二名1-3667-2,1,,,34.706314918081,135.73777343005,
970,E2920100128111,二名小学校,奈良県奈良市二名1-3716-1,1,,,34.70813737,135.7372089,
971,E2920100130111,県立国際中学校・高等学校,奈良県奈良市二名町1944-12,1,,,34.720832621581,135.74202893379,
972,E2920100131111,（旧）大柳生幼稚園,奈良県奈良市忍辱山町1303,1,,,34.695723164292,135.91643193353,
973,E2920100132111,都跡中学校,奈良県奈良市柏木町13,1,,,34.676384631574,135.79595639368,
974,E2920100133111,県立奈良商工高等学校,奈良県奈良市柏木町248,1,,,34.669095006443,135.79662575826,
975,E2920100135111,県立高円芸術高等学校,奈良県奈良市白毫寺町633,1,,,34.668311781708,135.84628486557,
976,E2920100136111,中人権・コミュニティセンター,奈良県奈良市畑中町4-4,1,,,34.686921817057,135.82017573313,
977,E2920100137111,奈良市消防局第２庁舎,奈良県奈良市八条5-404-1,1,,,34.669423450306,135.80149009672,
978,E2920100138111,奈良女子大学附属小学校,奈良県奈良市百楽園1-7-28,1,,,34.698764043997,135.74656860449,
979,E2920100139111,青和小学校,奈良県奈良市百楽園4-1-1,1,,,34.70031307,135.7431163,
980,E2920100140111,富雄北小学校,奈良県奈良市富雄北1-13-6,1,,,34.69714717,135.7328044,
981,E2920100141111,京西中学校,奈良県奈良市平松4-3-1,1,,,34.674356117961,135.7762102952,
982,E2920100142111,米谷町集会所,奈良県奈良市米谷町566-1,1,,,34.617926879703,135.88050772727,
983,E2920100144111,伏見南小学校,奈良県奈良市宝来5-2-1,1,,,34.68062579446,135.77012129739,
984,E2920100145111,一条高等学校及び附属中学校,奈良県奈良市法華寺町1351,1,,,34.69259456,135.8109896,
985,E2920100146111,学校法人奈良育英学園（中学校・高等学校）,奈良県奈良市法蓮町1000,1,,,34.690953602378,135.8243912404,
986,E2920100147111,若草中学校,奈良県奈良市法蓮町1416-1,1,,,34.695113955134,135.83152057241,
987,E2920100148111,奈良教育大学附属中学校,奈良県奈良市法蓮町2058-2,1,,,34.697052607969,135.81701502314,
988,E2920100149111,佐保川小学校,奈良県奈良市法蓮町229-1,1,,,34.68857164,135.8154905,
989,E2920100150111,佐保小学校,奈良県奈良市法蓮町280-1,1,,,34.69113669,135.8208014,
990,E2920100151111,明治小学校,奈良県奈良市北永井町414,1,,,34.65627824,135.8224401,
991,E2920100152111,奈良女子大学,奈良県奈良市北魚屋東町,1,,,34.688280206829,135.82811998015,
992,E2920100153111,北椿尾町集会所,奈良県奈良市北椿尾町659,1,,,34.631486569356,135.86758442046,
993,E2920100202111,登美ヶ丘北中学校,奈良県奈良市北登美ヶ丘1-1-1,,,,34.723469046464,135.75292776835,
994,E2920100156111,柳生小学校,奈良県奈良市柳生下町138,1,,,34.7381467,135.9512112,
995,E2920100157111,（旧）柳生中学校,奈良県奈良市柳生町212-2,1,,,34.731062205501,135.95193927116,
996,E2920100158111,柳生公民館,奈良県奈良市柳生町340,1,,,34.728173892384,135.95298733465,
997,E2920100159111,柳生公民館邑地分館,奈良県奈良市邑地町451-4,1,,,34.71631042,135.9791433,
998,E2920100160111,六条小学校,奈良県奈良市六条2-14-1,1,,,34.670714553308,135.77153208151,
999,E2920100161111,京西公民館,奈良県奈良市六条西1-3-43-2,1,,,34.67196403,135.7709684,
1000,E2920100162111,奈良県立大学附属高等学校,奈良県奈良市六条西3-24-1,1,,,34.668131022958,135.76738177018,
1001,E2920100163111,田原公民館,奈良県奈良市茗荷町1078-1,1,,,34.657095,135.907699,
1002,E2920100164111,（旧）並松小学校,奈良県奈良市藺生町1894,1,,,34.59373268,135.9418365,
1003,E2934400001111,斑鳩町あわ保育園,奈良県斑鳩町阿波3-5-33,1,,,34.601459410174,135.7418226816,
1004,E2934400002111,いかるがホール,奈良県斑鳩町興留10-6-43,1,,,34.596787663276,135.73803961489,
1005,E2934400003111,斑鳩町立斑鳩東公民館,奈良県斑鳩町興留5-5-28,1,,,34.604826916614,135.73808848359,
1006,E2934400004111,斑鳩町立斑鳩東幼稚園,奈良県斑鳩町興留東1-1-16,1,,,34.60919266652,135.74147156519,
1007,E2934400005111,奈良県立法隆寺国際高等学校,奈良県斑鳩町高安2-1-1,1,,,34.609815747026,135.74879046671,
1008,E2934400006111,斑鳩町総合保健福祉会館（生き生きプラザ斑鳩）,奈良県斑鳩町小吉田1-12-35,1,,,34.602395278356,135.72640296776,
1009,E2934400006121,斑鳩町総合保健福祉会館（生き生きプラザ斑鳩）,奈良県斑鳩町小吉田1-12-35,1,,要配慮者,34.602389851688,135.72648702965,
1010,E2934400007111,斑鳩町立斑鳩西小学校,奈良県斑鳩町神南2-4-25,1,,,34.597664565212,135.71899014063,
1011,E2934400021112,レイモンド斑鳩こども園,奈良県斑鳩町神南2-4-29,1,,,34.597838,135.720359,
1012,E2934400009111,法隆寺五丁地区地域交流館,奈良県斑鳩町法隆寺東1-4-6,1,,,34.613604877135,135.74123207469,
1013,E2934400010111,斑鳩町立斑鳩幼稚園,奈良県斑鳩町法隆寺南1-13-15,1,,,34.607117815062,135.7324668301,
1014,E2934400011111,斑鳩町立斑鳩小学校,奈良県斑鳩町法隆寺南1-13-46,1,,,34.607963696213,135.73176794714,
1015,E2934400012111,斑鳩町立斑鳩東小学校,奈良県斑鳩町法隆寺南2-11-5,1,,,34.610082363247,135.74389988233,
1016,E2934400013111,斑鳩町ふれあい交流センターいきいきの里,奈良県斑鳩町法隆寺北1-13-15,1,,,34.617593034761,135.73804697342,
1017,E2934400014111,斑鳩町立斑鳩南中学校,奈良県斑鳩町目安北3-1-77,1,,,34.596469102555,135.73505095127,
1018,E2934400015111,斑鳩町たつた保育園,奈良県斑鳩町龍田1-5-1,1,,,34.60808573645,135.7254430163,
1019,E2934400016111,斑鳩町立斑鳩西公民館,奈良県斑鳩町龍田西4-2-25,1,,,34.605972211263,135.71657935504,
1020,E2934400022111,斑鳩町龍田西地区地域交流館,奈良県斑鳩町龍田西7-4-17,1,,,34.602828,135.713725,
1021,E2934400017111,斑鳩町立斑鳩中央体育館,奈良県斑鳩町龍田南1-1-61,1,,,34.606742821622,135.72801089383,
1022,E2934400018111,斑鳩町立斑鳩中央公民館,奈良県斑鳩町龍田南2-2-43,1,,,34.606911887336,135.73074674572,
1023,E2934400019111,斑鳩町消防コミュニティセンター,奈良県斑鳩町龍田南5-7-47,1,,,34.605557127714,135.72243202076,
1024,E2934400020111,斑鳩町立斑鳩中学校,奈良県斑鳩町龍田北1-20-1,1,,,34.613118335913,135.72535039482,
1025,E2934200001111,平群小学校,奈良県平群町吉新2-2-13,,,,34.63093381776,135.70011973194,
1026,E2934200003111,平群町総合文化センター,奈良県平群町吉新3-1-34,1,,,34.63034796665,135.70334154232,
1027,E2934200004121,ひまわり生駒苑,奈良県平群町上庄1-15-16,,,高齢者,34.6403996,135.7028889,
1028,E2934200005111,かんぽの宿大和平群,奈良県平群町上庄2-16-1,1,,,34.641416090762,135.70470066285,
1029,E2934200006111,プリズムへぐり,奈良県平群町西宮2-1-6,1,,,34.620074,135.705182,
1030,E2934200007121,特別養護老人ホーム「グレースの里」,奈良県平群町大字越木塚336-1,,,高齢者,34.622453032518,135.68627797301,
1031,E2934200008121,ゆめさとこども園,奈良県平群町大字椿井242-1,,,乳幼児、妊産婦,34.616325474129,135.70779941408,
1032,E2934200009121,特別養護老人ホーム「第二グレースの里」,奈良県平群町大字椿井244,,,高齢者,34.6166974,135.7076669,
1033,E2934200010121,はなさとこども園,奈良県平群町大字福貴1113,,,乳幼児、妊産婦,34.630993855911,135.69811756897,
1034,E2934200011121,ふれあい交流センター,奈良県平群町大字梨本350-1,,,高齢者、障がいのある人,34.632063475602,135.69948624907,
1035,E2934200012111,市民生活協同組合ならコープ　「ディアーズコープたつたがわ」,奈良県平群町椿井734-1,1,,,34.612541271872,135.70890612944,
1036,E2934200013111,平群南小学校,奈良県平群町椿井820,1,,,34.615068119393,135.70965138681,
1037,E2934200014111,平群中学校,奈良県平群町福貴1301,1,,,34.632008952854,135.69441686147,
1038,E2934200015111,総合スポーツセンター（メインアリーナ）,奈良県平群町福貴72,1,,,34.626341219019,135.68874945632,
1039,E2934200016111,活性化センター「くまがしステーション」,奈良県平群町平等寺75-1,1,,,34.623523216472,135.70624750631,
1040,E2934200017111,老人福祉センター「かしのき荘」,奈良県平群町梨本351-1,1,,,34.632196949567,135.69885285249,
1041,E2934200018121,平群北幼稚園,奈良県平群町緑ケ丘1-3-21,,,乳幼児、妊産婦,34.643346770035,135.69762967791,
1042,E2934200020111,平群北小学校,奈良県平群町緑ケ丘1-4-1,,,,34.644534335134,135.69771379699,
1043,E2940200003111,明日香小学校,奈良県明日香村大字橘86,,,,34.469167384454,135.81232639273,
1044,E2940200004111,明日香幼稚園,奈良県明日香村大字橘900,,,,34.467645,135.814833,
1045,E2940200007111,県立万葉文化館,奈良県明日香村大字飛鳥10,,,,34.477409138978,135.82229206454,
1046,E2940200011111,聖徳中学校,奈良県明日香村大字野口105,,,,34.4701169991,135.806611,
1047,E2940200012111,健康福祉センター,奈良県明日香村大字立部745,,,,34.46800592874,135.81422583694,
1048,E2944700001111,弓手原生活改善センター,奈良県野迫川村大字弓手原150,1,,,34.100901258612,135.57023258495,
1049,E2944700002111,旧今井小学校,奈良県野迫川村大字今井105,1,,,34.203482375358,135.69471941762,
1050,E2944700003111,上生活改善センター,奈良県野迫川村大字上448,1,,,34.208495017141,135.6538812968,
1051,E2944700004111,池津川生活改善センター,奈良県野迫川村大字池津川246,1,,,34.176177841328,135.66843805359,
1052,E2944700017111,野迫川村公民館,奈良県野迫川村大字中157,1,,,34.208794,135.6582,
1053,E2944700005111,健民グラウンド,奈良県野迫川村大字中369,1,,,34.20909402,135.6659019,
1054,E2944700005112,旧野川小学校,奈良県野迫川村大字中369,1,,,34.209191621908,135.6663524824,
1055,E2944700006111,平生活改善センター,奈良県野迫川村大字中平54,,,,34.113181758127,135.64356276599,
1056,E2944700008111,上垣内生活改善センター,奈良県野迫川村大字北股29,1,,,34.168349990312,135.63123265114,
1057,E2944700009111,野迫川小中学校,奈良県野迫川村大字北股51,1,,,34.174114826693,135.63654287792,
1058,E2944700010111,旧北股小学校,奈良県野迫川村大字北股539,1,,,34.145019084888,135.63835250985,
1059,E2944700011111,山村振興センター,奈良県野迫川村大字北股97-2,,,,34.165771787706,135.63428621156,
1060,E2944700012111,旧北今西小学校,奈良県野迫川村大字北今西301,1,,,34.116496210946,135.61839438463,
1061,E2944700013111,大股生活改善センター,奈良県野迫川村大字北今西50,1,,,34.105268123012,135.62997079874,
1062,E2944700014111,立里生活改善センター,奈良県野迫川村大字立里84,1,,,34.142120756851,135.69534285938,
1063,E2944700015111,柞原生活改善センター,奈良県野迫川村大字柞原21,1,,,34.207570873119,135.67407127429,
1064,E2944700016111,檜股生活改善センター,奈良県野迫川村大字檜股122,1,,,34.125919568938,135.59881121437,
